-- MariaDB dump 10.19  Distrib 10.4.32-MariaDB, for Win64 (AMD64)
--
-- Host: localhost    Database: asog_dataset_repo
-- ------------------------------------------------------
-- Server version	10.4.32-MariaDB

/*!40101 SET @OLD_CHARACTER_SET_CLIENT=@@CHARACTER_SET_CLIENT */;
/*!40101 SET @OLD_CHARACTER_SET_RESULTS=@@CHARACTER_SET_RESULTS */;
/*!40101 SET @OLD_COLLATION_CONNECTION=@@COLLATION_CONNECTION */;
/*!40101 SET NAMES utf8mb4 */;
/*!40103 SET @OLD_TIME_ZONE=@@TIME_ZONE */;
/*!40103 SET TIME_ZONE='+00:00' */;
/*!40014 SET @OLD_UNIQUE_CHECKS=@@UNIQUE_CHECKS, UNIQUE_CHECKS=0 */;
/*!40014 SET @OLD_FOREIGN_KEY_CHECKS=@@FOREIGN_KEY_CHECKS, FOREIGN_KEY_CHECKS=0 */;
/*!40101 SET @OLD_SQL_MODE=@@SQL_MODE, SQL_MODE='NO_AUTO_VALUE_ON_ZERO' */;
/*!40111 SET @OLD_SQL_NOTES=@@SQL_NOTES, SQL_NOTES=0 */;

--
-- Table structure for table `audit_logs`
--

DROP TABLE IF EXISTS `audit_logs`;
/*!40101 SET @saved_cs_client     = @@character_set_client */;
/*!40101 SET character_set_client = utf8 */;
CREATE TABLE `audit_logs` (
  `id` int(11) unsigned NOT NULL AUTO_INCREMENT,
  `user_id` int(11) unsigned DEFAULT NULL,
  `action` varchar(120) NOT NULL,
  `entity_type` varchar(80) DEFAULT NULL,
  `entity_id` int(11) unsigned DEFAULT NULL,
  `details` text DEFAULT NULL,
  `ip_address` varchar(45) DEFAULT NULL,
  `created_at` datetime NOT NULL,
  PRIMARY KEY (`id`),
  KEY `audit_logs_user_id_foreign` (`user_id`),
  CONSTRAINT `audit_logs_user_id_foreign` FOREIGN KEY (`user_id`) REFERENCES `users` (`id`) ON DELETE SET NULL ON UPDATE SET NULL
) ENGINE=InnoDB AUTO_INCREMENT=45 DEFAULT CHARSET=utf8mb4 COLLATE=utf8mb4_general_ci;
/*!40101 SET character_set_client = @saved_cs_client */;

--
-- Dumping data for table `audit_logs`
--

LOCK TABLES `audit_logs` WRITE;
/*!40000 ALTER TABLE `audit_logs` DISABLE KEYS */;
INSERT INTO `audit_logs` VALUES (1,2,'login','user',2,'User logged into the repository.','::1','2026-07-13 08:50:25'),(2,2,'review_assigned','review',1,'Assigned ethics review for dataset #3.','::1','2026-07-13 08:51:06'),(3,2,'login','user',2,'User logged into the repository.','::1','2026-07-13 08:52:29'),(4,2,'logout','user',2,'User logged out of the repository.','::1','2026-07-13 09:08:50'),(5,2,'logout','user',2,'User logged out of the repository.','::1','2026-07-13 09:09:23'),(6,3,'login','user',3,'User logged into the repository.','::1','2026-07-13 09:09:36'),(7,4,'login','user',4,'User logged into the repository.','::1','2026-07-14 02:27:20'),(8,3,'login','user',3,'User logged into the repository.','::1','2026-07-14 02:35:48'),(9,1,'login','user',1,'User logged into the repository.','::1','2026-07-15 01:22:29'),(10,1,'dataset_update','dataset',1,'Dataset metadata was updated.','::1','2026-07-15 01:25:46'),(11,1,'logout','user',1,'User logged out of the repository.','::1','2026-07-15 01:29:05'),(12,4,'login','user',4,'User logged into the repository.','::1','2026-07-15 01:29:15'),(13,4,'logout','user',4,'User logged out of the repository.','::1','2026-07-15 01:29:42'),(14,3,'login','user',3,'User logged into the repository.','::1','2026-07-15 01:29:53'),(15,3,'login','user',3,'User logged into the repository.','::1','2026-07-15 01:29:54'),(16,3,'logout','user',3,'User logged out of the repository.','::1','2026-07-15 01:30:02'),(17,2,'login','user',2,'User logged into the repository.','::1','2026-07-15 01:30:12'),(18,2,'review_assigned','review',2,'Assigned ethics review for dataset #1.','::1','2026-07-15 01:30:40'),(19,2,'logout','user',2,'User logged out of the repository.','::1','2026-07-15 01:30:52'),(20,3,'login','user',3,'User logged into the repository.','::1','2026-07-15 01:31:01'),(21,3,'review_approved','review',2,'Ethics decision for dataset #1.','::1','2026-07-15 01:32:00'),(22,3,'logout','user',3,'User logged out of the repository.','::1','2026-07-15 01:32:09'),(23,1,'login','user',1,'User logged into the repository.','::1','2026-07-15 01:32:18'),(24,1,'logout','user',1,'User logged out of the repository.','::1','2026-07-15 01:32:42'),(25,4,'login','user',4,'User logged into the repository.','::1','2026-07-15 01:32:53'),(26,4,'logout','user',4,'User logged out of the repository.','::1','2026-07-15 01:33:09'),(27,2,'login','user',2,'User logged into the repository.','::1','2026-07-15 01:33:20'),(28,2,'review_assigned','review',3,'Assigned technical review for dataset #1.','::1','2026-07-15 01:33:38'),(29,2,'review_assigned','review',4,'Assigned ethics review for dataset #3.','::1','2026-07-15 01:33:50'),(30,2,'logout','user',2,'User logged out of the repository.','::1','2026-07-15 01:34:18'),(31,4,'login','user',4,'User logged into the repository.','::1','2026-07-15 01:34:27'),(32,4,'review_approved','review',3,'Technical decision for dataset #1.','::1','2026-07-15 01:34:50'),(33,4,'logout','user',4,'User logged out of the repository.','::1','2026-07-15 01:35:00'),(34,2,'login','user',2,'User logged into the repository.','::1','2026-07-15 01:35:08'),(35,2,'dataset_published','dataset',1,'Published with access type public.','::1','2026-07-15 01:35:31'),(36,2,'logout','user',2,'User logged out of the repository.','::1','2026-07-15 02:55:20'),(37,3,'login','user',3,'User logged into the repository.','::1','2026-07-15 02:55:33'),(38,3,'logout','user',3,'User logged out of the repository.','::1','2026-07-15 03:52:04'),(39,3,'login','user',3,'User logged into the repository.','::1','2026-07-15 05:11:37'),(40,3,'logout','user',3,'User logged out of the repository.','::1','2026-07-15 05:13:47'),(41,3,'login','user',3,'User logged into the repository.','::1','2026-07-15 05:13:51'),(42,2,'login','user',2,'User logged into the repository.','127.0.0.1','2026-07-15 07:32:37'),(43,3,'login','user',3,'User logged into the repository.','127.0.0.1','2026-07-15 07:32:54'),(44,4,'login','user',4,'User logged into the repository.','127.0.0.1','2026-07-15 07:32:55');
/*!40000 ALTER TABLE `audit_logs` ENABLE KEYS */;
UNLOCK TABLES;

--
-- Table structure for table `dataset_downloads`
--

DROP TABLE IF EXISTS `dataset_downloads`;
/*!40101 SET @saved_cs_client     = @@character_set_client */;
/*!40101 SET character_set_client = utf8 */;
CREATE TABLE `dataset_downloads` (
  `id` int(11) unsigned NOT NULL AUTO_INCREMENT,
  `dataset_id` int(11) unsigned NOT NULL,
  `user_id` int(11) unsigned DEFAULT NULL,
  `downloaded_at` datetime NOT NULL,
  `ip_address` varchar(45) DEFAULT NULL,
  PRIMARY KEY (`id`),
  KEY `dataset_downloads_dataset_id_foreign` (`dataset_id`),
  KEY `dataset_downloads_user_id_foreign` (`user_id`),
  CONSTRAINT `dataset_downloads_dataset_id_foreign` FOREIGN KEY (`dataset_id`) REFERENCES `datasets` (`id`) ON DELETE CASCADE ON UPDATE CASCADE,
  CONSTRAINT `dataset_downloads_user_id_foreign` FOREIGN KEY (`user_id`) REFERENCES `users` (`id`) ON DELETE SET NULL ON UPDATE SET NULL
) ENGINE=InnoDB DEFAULT CHARSET=utf8mb4 COLLATE=utf8mb4_general_ci;
/*!40101 SET character_set_client = @saved_cs_client */;

--
-- Dumping data for table `dataset_downloads`
--

LOCK TABLES `dataset_downloads` WRITE;
/*!40000 ALTER TABLE `dataset_downloads` DISABLE KEYS */;
/*!40000 ALTER TABLE `dataset_downloads` ENABLE KEYS */;
UNLOCK TABLES;

--
-- Table structure for table `dataset_files`
--

DROP TABLE IF EXISTS `dataset_files`;
/*!40101 SET @saved_cs_client     = @@character_set_client */;
/*!40101 SET character_set_client = utf8 */;
CREATE TABLE `dataset_files` (
  `id` int(11) unsigned NOT NULL AUTO_INCREMENT,
  `dataset_id` int(11) unsigned NOT NULL,
  `stored_name` varchar(255) NOT NULL,
  `original_name` varchar(255) NOT NULL,
  `file_path` varchar(255) NOT NULL,
  `file_size` int(11) unsigned NOT NULL,
  `file_type` varchar(80) NOT NULL,
  `uploaded_by` int(11) unsigned NOT NULL,
  `created_at` datetime DEFAULT NULL,
  `updated_at` datetime DEFAULT NULL,
  PRIMARY KEY (`id`),
  KEY `dataset_files_dataset_id_foreign` (`dataset_id`),
  KEY `dataset_files_uploaded_by_foreign` (`uploaded_by`),
  CONSTRAINT `dataset_files_dataset_id_foreign` FOREIGN KEY (`dataset_id`) REFERENCES `datasets` (`id`) ON DELETE CASCADE ON UPDATE CASCADE,
  CONSTRAINT `dataset_files_uploaded_by_foreign` FOREIGN KEY (`uploaded_by`) REFERENCES `users` (`id`) ON DELETE CASCADE ON UPDATE CASCADE
) ENGINE=InnoDB AUTO_INCREMENT=124 DEFAULT CHARSET=utf8mb4 COLLATE=utf8mb4_general_ci;
/*!40101 SET character_set_client = @saved_cs_client */;

--
-- Dumping data for table `dataset_files`
--

LOCK TABLES `dataset_files` WRITE;
/*!40000 ALTER TABLE `dataset_files` DISABLE KEYS */;
INSERT INTO `dataset_files` VALUES (1,1,'startup-survey-responses.zip','startup-survey-responses.zip','uploads/datasets/1/startup-survey-responses.zip',22,'application/zip',1,'2026-07-13 08:44:35','2026-07-13 08:44:35'),(2,2,'innovation-program-interviews.zip','innovation-program-interviews.zip','uploads/datasets/2/innovation-program-interviews.zip',22,'application/zip',1,'2026-07-13 08:44:35','2026-07-13 08:44:35'),(3,3,'pending-prototype-dataset.zip','pending-prototype-dataset.zip','uploads/datasets/3/pending-prototype-dataset.zip',22,'application/zip',1,'2026-07-13 08:44:35','2026-07-13 08:44:35'),(4,4,'dummydata-dataset1-4.csv','dataset1.csv','uploads/datasets/4/dummydata-dataset1-4.csv',34176,'text/csv',1,'2026-07-15 03:17:46','2026-07-15 03:24:17'),(5,5,'dummydata-dataset1-5.csv','dataset1.csv','uploads/datasets/5/dummydata-dataset1-5.csv',34176,'text/csv',1,'2026-07-15 03:17:46','2026-07-15 03:24:17'),(6,6,'dummydata-dataset1-6.csv','dataset1.csv','uploads/datasets/6/dummydata-dataset1-6.csv',34176,'text/csv',1,'2026-07-15 03:17:46','2026-07-15 03:24:17'),(7,7,'dummydata-dataset1-7.csv','dataset1.csv','uploads/datasets/7/dummydata-dataset1-7.csv',34176,'text/csv',1,'2026-07-15 03:17:46','2026-07-15 03:24:17'),(8,8,'dummydata-dataset1-8.csv','dataset1.csv','uploads/datasets/8/dummydata-dataset1-8.csv',34176,'text/csv',1,'2026-07-15 03:17:46','2026-07-15 03:24:17'),(9,9,'dummydata-dataset1-9.csv','dataset1.csv','uploads/datasets/9/dummydata-dataset1-9.csv',34176,'text/csv',1,'2026-07-15 03:17:46','2026-07-15 03:24:17'),(10,10,'dummydata-dataset1-10.csv','dataset1.csv','uploads/datasets/10/dummydata-dataset1-10.csv',34176,'text/csv',1,'2026-07-15 03:17:46','2026-07-15 03:24:17'),(11,11,'dummydata-dataset1-11.csv','dataset1.csv','uploads/datasets/11/dummydata-dataset1-11.csv',34176,'text/csv',1,'2026-07-15 03:17:46','2026-07-15 03:24:17'),(12,12,'dummydata-dataset1-12.csv','dataset1.csv','uploads/datasets/12/dummydata-dataset1-12.csv',34176,'text/csv',1,'2026-07-15 03:17:46','2026-07-15 03:24:17'),(13,13,'dummydata-dataset1-13.csv','dataset1.csv','uploads/datasets/13/dummydata-dataset1-13.csv',34176,'text/csv',1,'2026-07-15 03:17:46','2026-07-15 03:24:17'),(14,14,'dummydata-dataset1-14.csv','dataset1.csv','uploads/datasets/14/dummydata-dataset1-14.csv',34176,'text/csv',1,'2026-07-15 03:17:46','2026-07-15 03:24:17'),(15,15,'dummydata-dataset1-15.csv','dataset1.csv','uploads/datasets/15/dummydata-dataset1-15.csv',34176,'text/csv',1,'2026-07-15 03:17:46','2026-07-15 03:24:17'),(16,16,'dummydata-dataset1-16.csv','dataset1.csv','uploads/datasets/16/dummydata-dataset1-16.csv',34176,'text/csv',1,'2026-07-15 03:17:46','2026-07-15 03:24:17'),(17,17,'dummydata-dataset1-17.csv','dataset1.csv','uploads/datasets/17/dummydata-dataset1-17.csv',34176,'text/csv',1,'2026-07-15 03:17:46','2026-07-15 03:24:17'),(18,18,'dummydata-dataset1-18.csv','dataset1.csv','uploads/datasets/18/dummydata-dataset1-18.csv',34176,'text/csv',1,'2026-07-15 03:17:46','2026-07-15 03:24:17'),(19,19,'dummydata-dataset1-19.csv','dataset1.csv','uploads/datasets/19/dummydata-dataset1-19.csv',34176,'text/csv',1,'2026-07-15 03:17:46','2026-07-15 03:24:17'),(20,20,'dummydata-dataset1-20.csv','dataset1.csv','uploads/datasets/20/dummydata-dataset1-20.csv',34176,'text/csv',1,'2026-07-15 03:17:46','2026-07-15 03:24:17'),(21,21,'dummydata-dataset1-21.csv','dataset1.csv','uploads/datasets/21/dummydata-dataset1-21.csv',34176,'text/csv',1,'2026-07-15 03:17:46','2026-07-15 03:24:17'),(22,22,'dummydata-dataset1-22.csv','dataset1.csv','uploads/datasets/22/dummydata-dataset1-22.csv',34176,'text/csv',1,'2026-07-15 03:17:46','2026-07-15 03:24:17'),(23,23,'dummydata-dataset1-23.csv','dataset1.csv','uploads/datasets/23/dummydata-dataset1-23.csv',34176,'text/csv',1,'2026-07-15 03:17:46','2026-07-15 03:24:17'),(24,24,'dummydata-dataset1-24.csv','dataset1.csv','uploads/datasets/24/dummydata-dataset1-24.csv',34176,'text/csv',1,'2026-07-15 03:17:46','2026-07-15 03:24:17'),(25,25,'dummydata-dataset1-25.csv','dataset1.csv','uploads/datasets/25/dummydata-dataset1-25.csv',34176,'text/csv',1,'2026-07-15 03:17:46','2026-07-15 03:24:17'),(26,26,'dummydata-dataset1-26.csv','dataset1.csv','uploads/datasets/26/dummydata-dataset1-26.csv',34176,'text/csv',1,'2026-07-15 03:17:46','2026-07-15 03:24:17'),(27,27,'dummydata-dataset1-27.csv','dataset1.csv','uploads/datasets/27/dummydata-dataset1-27.csv',34176,'text/csv',1,'2026-07-15 03:17:46','2026-07-15 03:24:17'),(28,28,'dummydata-dataset1-28.csv','dataset1.csv','uploads/datasets/28/dummydata-dataset1-28.csv',34176,'text/csv',1,'2026-07-15 03:17:46','2026-07-15 03:24:17'),(29,29,'dummydata-dataset1-29.csv','dataset1.csv','uploads/datasets/29/dummydata-dataset1-29.csv',34176,'text/csv',1,'2026-07-15 03:17:46','2026-07-15 03:24:17'),(30,30,'dummydata-dataset1-30.csv','dataset1.csv','uploads/datasets/30/dummydata-dataset1-30.csv',34176,'text/csv',1,'2026-07-15 03:17:46','2026-07-15 03:24:17'),(31,31,'dummydata-dataset1-31.csv','dataset1.csv','uploads/datasets/31/dummydata-dataset1-31.csv',34176,'text/csv',1,'2026-07-15 03:17:46','2026-07-15 03:24:17'),(32,32,'dummydata-dataset1-32.csv','dataset1.csv','uploads/datasets/32/dummydata-dataset1-32.csv',34176,'text/csv',1,'2026-07-15 03:17:46','2026-07-15 03:24:17'),(33,33,'dummydata-dataset1-33.csv','dataset1.csv','uploads/datasets/33/dummydata-dataset1-33.csv',34176,'text/csv',1,'2026-07-15 03:17:46','2026-07-15 03:24:17'),(34,34,'dummydata-dataset1-34.csv','dataset1.csv','uploads/datasets/34/dummydata-dataset1-34.csv',34176,'text/csv',1,'2026-07-15 03:17:46','2026-07-15 03:24:17'),(35,35,'dummydata-dataset1-35.csv','dataset1.csv','uploads/datasets/35/dummydata-dataset1-35.csv',34176,'text/csv',1,'2026-07-15 03:17:46','2026-07-15 03:24:17'),(36,36,'dummydata-dataset1-36.csv','dataset1.csv','uploads/datasets/36/dummydata-dataset1-36.csv',34176,'text/csv',1,'2026-07-15 03:17:46','2026-07-15 03:24:17'),(37,37,'dummydata-dataset1-37.csv','dataset1.csv','uploads/datasets/37/dummydata-dataset1-37.csv',34176,'text/csv',1,'2026-07-15 03:17:46','2026-07-15 03:24:17'),(38,38,'dummydata-dataset1-38.csv','dataset1.csv','uploads/datasets/38/dummydata-dataset1-38.csv',34176,'text/csv',1,'2026-07-15 03:17:46','2026-07-15 03:24:17'),(39,39,'dummydata-dataset1-39.csv','dataset1.csv','uploads/datasets/39/dummydata-dataset1-39.csv',34176,'text/csv',1,'2026-07-15 03:17:46','2026-07-15 03:24:17'),(40,40,'dummydata-dataset1-40.csv','dataset1.csv','uploads/datasets/40/dummydata-dataset1-40.csv',34176,'text/csv',1,'2026-07-15 03:17:46','2026-07-15 03:24:17'),(41,41,'dummydata-dataset1-41.csv','dataset1.csv','uploads/datasets/41/dummydata-dataset1-41.csv',34176,'text/csv',1,'2026-07-15 03:17:46','2026-07-15 03:24:17'),(42,42,'dummydata-dataset1-42.csv','dataset1.csv','uploads/datasets/42/dummydata-dataset1-42.csv',34176,'text/csv',1,'2026-07-15 03:17:46','2026-07-15 03:24:17'),(43,43,'dummydata-dataset1-43.csv','dataset1.csv','uploads/datasets/43/dummydata-dataset1-43.csv',34176,'text/csv',1,'2026-07-15 03:17:46','2026-07-15 03:24:17'),(44,44,'dummydata-dataset1-44.csv','dataset1.csv','uploads/datasets/44/dummydata-dataset1-44.csv',34176,'text/csv',1,'2026-07-15 03:17:46','2026-07-15 03:24:17'),(45,45,'dummydata-dataset1-45.csv','dataset1.csv','uploads/datasets/45/dummydata-dataset1-45.csv',34176,'text/csv',1,'2026-07-15 03:17:46','2026-07-15 03:24:17'),(46,46,'dummydata-dataset1-46.csv','dataset1.csv','uploads/datasets/46/dummydata-dataset1-46.csv',34176,'text/csv',1,'2026-07-15 03:17:46','2026-07-15 03:24:17'),(47,47,'dummydata-dataset1-47.csv','dataset1.csv','uploads/datasets/47/dummydata-dataset1-47.csv',34176,'text/csv',1,'2026-07-15 03:17:46','2026-07-15 03:24:17'),(48,48,'dummydata-dataset1-48.csv','dataset1.csv','uploads/datasets/48/dummydata-dataset1-48.csv',34176,'text/csv',1,'2026-07-15 03:17:46','2026-07-15 03:24:17'),(49,49,'dummydata-dataset1-49.csv','dataset1.csv','uploads/datasets/49/dummydata-dataset1-49.csv',34176,'text/csv',1,'2026-07-15 03:17:46','2026-07-15 03:24:17'),(50,50,'dummydata-dataset1-50.csv','dataset1.csv','uploads/datasets/50/dummydata-dataset1-50.csv',34176,'text/csv',1,'2026-07-15 03:17:46','2026-07-15 03:24:17'),(51,51,'dummydata-dataset1-51.csv','dataset1.csv','uploads/datasets/51/dummydata-dataset1-51.csv',34176,'text/csv',1,'2026-07-15 03:17:46','2026-07-15 03:24:17'),(52,52,'dummydata-dataset1-52.csv','dataset1.csv','uploads/datasets/52/dummydata-dataset1-52.csv',34176,'text/csv',1,'2026-07-15 03:17:46','2026-07-15 03:24:17'),(53,53,'dummydata-dataset1-53.csv','dataset1.csv','uploads/datasets/53/dummydata-dataset1-53.csv',34176,'text/csv',1,'2026-07-15 03:17:46','2026-07-15 03:24:17'),(54,54,'dummydata-dataset1-54.csv','dataset1.csv','uploads/datasets/54/dummydata-dataset1-54.csv',34176,'text/csv',1,'2026-07-15 03:17:46','2026-07-15 03:24:17'),(55,55,'dummydata-dataset1-55.csv','dataset1.csv','uploads/datasets/55/dummydata-dataset1-55.csv',34176,'text/csv',1,'2026-07-15 03:17:46','2026-07-15 03:24:17'),(56,56,'dummydata-dataset1-56.csv','dataset1.csv','uploads/datasets/56/dummydata-dataset1-56.csv',34176,'text/csv',1,'2026-07-15 03:17:46','2026-07-15 03:24:17'),(57,57,'dummydata-dataset1-57.csv','dataset1.csv','uploads/datasets/57/dummydata-dataset1-57.csv',34176,'text/csv',1,'2026-07-15 03:17:46','2026-07-15 03:24:17'),(58,58,'dummydata-dataset1-58.csv','dataset1.csv','uploads/datasets/58/dummydata-dataset1-58.csv',34176,'text/csv',1,'2026-07-15 03:17:46','2026-07-15 03:24:17'),(59,59,'dummydata-dataset1-59.csv','dataset1.csv','uploads/datasets/59/dummydata-dataset1-59.csv',34176,'text/csv',1,'2026-07-15 03:17:46','2026-07-15 03:24:17'),(60,60,'dummydata-dataset1-60.csv','dataset1.csv','uploads/datasets/60/dummydata-dataset1-60.csv',34176,'text/csv',1,'2026-07-15 03:17:46','2026-07-15 03:24:17'),(61,61,'dummydata-dataset1-61.csv','dataset1.csv','uploads/datasets/61/dummydata-dataset1-61.csv',34176,'text/csv',1,'2026-07-15 03:17:46','2026-07-15 03:24:17'),(62,62,'dummydata-dataset1-62.csv','dataset1.csv','uploads/datasets/62/dummydata-dataset1-62.csv',34176,'text/csv',1,'2026-07-15 03:17:46','2026-07-15 03:24:17'),(63,63,'dummydata-dataset1-63.csv','dataset1.csv','uploads/datasets/63/dummydata-dataset1-63.csv',34176,'text/csv',1,'2026-07-15 03:17:46','2026-07-15 03:24:17'),(64,64,'dummydata-dataset1-64.csv','dataset1.csv','uploads/datasets/64/dummydata-dataset1-64.csv',34176,'text/csv',1,'2026-07-15 03:17:46','2026-07-15 03:24:17'),(65,65,'dummydata-dataset1-65.csv','dataset1.csv','uploads/datasets/65/dummydata-dataset1-65.csv',34176,'text/csv',1,'2026-07-15 03:17:46','2026-07-15 03:24:17'),(66,66,'dummydata-dataset1-66.csv','dataset1.csv','uploads/datasets/66/dummydata-dataset1-66.csv',34176,'text/csv',1,'2026-07-15 03:17:46','2026-07-15 03:24:17'),(67,67,'dummydata-dataset1-67.csv','dataset1.csv','uploads/datasets/67/dummydata-dataset1-67.csv',34176,'text/csv',1,'2026-07-15 03:17:46','2026-07-15 03:24:17'),(68,68,'dummydata-dataset1-68.csv','dataset1.csv','uploads/datasets/68/dummydata-dataset1-68.csv',34176,'text/csv',1,'2026-07-15 03:17:46','2026-07-15 03:24:17'),(69,69,'dummydata-dataset1-69.csv','dataset1.csv','uploads/datasets/69/dummydata-dataset1-69.csv',34176,'text/csv',1,'2026-07-15 03:17:46','2026-07-15 03:24:17'),(70,70,'dummydata-dataset1-70.csv','dataset1.csv','uploads/datasets/70/dummydata-dataset1-70.csv',34176,'text/csv',1,'2026-07-15 03:17:46','2026-07-15 03:24:17'),(71,71,'dummydata-dataset1-71.csv','dataset1.csv','uploads/datasets/71/dummydata-dataset1-71.csv',34176,'text/csv',1,'2026-07-15 03:17:46','2026-07-15 03:24:17'),(72,72,'dummydata-dataset1-72.csv','dataset1.csv','uploads/datasets/72/dummydata-dataset1-72.csv',34176,'text/csv',1,'2026-07-15 03:17:46','2026-07-15 03:24:17'),(73,73,'dummydata-dataset1-73.csv','dataset1.csv','uploads/datasets/73/dummydata-dataset1-73.csv',34176,'text/csv',1,'2026-07-15 03:17:46','2026-07-15 03:24:17'),(74,74,'dummydata-dataset1-74.csv','dataset1.csv','uploads/datasets/74/dummydata-dataset1-74.csv',34176,'text/csv',1,'2026-07-15 03:17:46','2026-07-15 03:24:17'),(75,75,'dummydata-dataset1-75.csv','dataset1.csv','uploads/datasets/75/dummydata-dataset1-75.csv',34176,'text/csv',1,'2026-07-15 03:17:46','2026-07-15 03:24:17'),(76,76,'dummydata-dataset1-76.csv','dataset1.csv','uploads/datasets/76/dummydata-dataset1-76.csv',34176,'text/csv',1,'2026-07-15 03:17:46','2026-07-15 03:24:17'),(77,77,'dummydata-dataset1-77.csv','dataset1.csv','uploads/datasets/77/dummydata-dataset1-77.csv',34176,'text/csv',1,'2026-07-15 03:17:46','2026-07-15 03:24:17'),(78,78,'dummydata-dataset1-78.csv','dataset1.csv','uploads/datasets/78/dummydata-dataset1-78.csv',34176,'text/csv',1,'2026-07-15 03:17:46','2026-07-15 03:24:17'),(79,79,'dummydata-dataset1-79.csv','dataset1.csv','uploads/datasets/79/dummydata-dataset1-79.csv',34176,'text/csv',1,'2026-07-15 03:17:46','2026-07-15 03:24:17'),(80,80,'dummydata-dataset1-80.csv','dataset1.csv','uploads/datasets/80/dummydata-dataset1-80.csv',34176,'text/csv',1,'2026-07-15 03:17:46','2026-07-15 03:24:17'),(81,81,'dummydata-dataset1-81.csv','dataset1.csv','uploads/datasets/81/dummydata-dataset1-81.csv',34176,'text/csv',1,'2026-07-15 03:17:46','2026-07-15 03:24:17'),(82,82,'dummydata-dataset1-82.csv','dataset1.csv','uploads/datasets/82/dummydata-dataset1-82.csv',34176,'text/csv',1,'2026-07-15 03:17:46','2026-07-15 03:24:17'),(83,83,'dummydata-dataset1-83.csv','dataset1.csv','uploads/datasets/83/dummydata-dataset1-83.csv',34176,'text/csv',1,'2026-07-15 03:17:46','2026-07-15 03:24:17'),(84,84,'dummydata-dataset1-84.csv','dataset1.csv','uploads/datasets/84/dummydata-dataset1-84.csv',34176,'text/csv',1,'2026-07-15 03:17:46','2026-07-15 03:24:17'),(85,85,'dummydata-dataset1-85.csv','dataset1.csv','uploads/datasets/85/dummydata-dataset1-85.csv',34176,'text/csv',1,'2026-07-15 03:17:46','2026-07-15 03:24:17'),(86,86,'dummydata-dataset1-86.csv','dataset1.csv','uploads/datasets/86/dummydata-dataset1-86.csv',34176,'text/csv',1,'2026-07-15 03:17:46','2026-07-15 03:24:17'),(87,87,'dummydata-dataset1-87.csv','dataset1.csv','uploads/datasets/87/dummydata-dataset1-87.csv',34176,'text/csv',1,'2026-07-15 03:17:46','2026-07-15 03:24:17'),(88,88,'dummydata-dataset1-88.csv','dataset1.csv','uploads/datasets/88/dummydata-dataset1-88.csv',34176,'text/csv',1,'2026-07-15 03:17:46','2026-07-15 03:24:17'),(89,89,'dummydata-dataset1-89.csv','dataset1.csv','uploads/datasets/89/dummydata-dataset1-89.csv',34176,'text/csv',1,'2026-07-15 03:17:46','2026-07-15 03:24:17'),(90,90,'dummydata-dataset1-90.csv','dataset1.csv','uploads/datasets/90/dummydata-dataset1-90.csv',34176,'text/csv',1,'2026-07-15 03:17:46','2026-07-15 03:24:17'),(91,91,'dummydata-dataset1-91.csv','dataset1.csv','uploads/datasets/91/dummydata-dataset1-91.csv',34176,'text/csv',1,'2026-07-15 03:17:46','2026-07-15 03:24:17'),(92,92,'dummydata-dataset1-92.csv','dataset1.csv','uploads/datasets/92/dummydata-dataset1-92.csv',34176,'text/csv',1,'2026-07-15 03:17:46','2026-07-15 03:24:17'),(93,93,'dummydata-dataset1-93.csv','dataset1.csv','uploads/datasets/93/dummydata-dataset1-93.csv',34176,'text/csv',1,'2026-07-15 03:17:46','2026-07-15 03:24:17'),(94,94,'dummydata-dataset1-94.csv','dataset1.csv','uploads/datasets/94/dummydata-dataset1-94.csv',34176,'text/csv',1,'2026-07-15 03:17:46','2026-07-15 03:24:17'),(95,95,'dummydata-dataset1-95.csv','dataset1.csv','uploads/datasets/95/dummydata-dataset1-95.csv',34176,'text/csv',1,'2026-07-15 03:17:46','2026-07-15 03:24:17'),(96,96,'dummydata-dataset1-96.csv','dataset1.csv','uploads/datasets/96/dummydata-dataset1-96.csv',34176,'text/csv',1,'2026-07-15 03:17:46','2026-07-15 03:24:17'),(97,97,'dummydata-dataset1-97.csv','dataset1.csv','uploads/datasets/97/dummydata-dataset1-97.csv',34176,'text/csv',1,'2026-07-15 03:17:46','2026-07-15 03:24:17'),(98,98,'dummydata-dataset1-98.csv','dataset1.csv','uploads/datasets/98/dummydata-dataset1-98.csv',34176,'text/csv',1,'2026-07-15 03:17:46','2026-07-15 03:24:17'),(99,99,'dummydata-dataset1-99.csv','dataset1.csv','uploads/datasets/99/dummydata-dataset1-99.csv',34176,'text/csv',1,'2026-07-15 03:17:46','2026-07-15 03:24:17'),(100,100,'dummydata-dataset1-100.csv','dataset1.csv','uploads/datasets/100/dummydata-dataset1-100.csv',34176,'text/csv',1,'2026-07-15 03:17:46','2026-07-15 03:24:17'),(101,101,'dummydata-dataset1-101.csv','dataset1.csv','uploads/datasets/101/dummydata-dataset1-101.csv',34176,'text/csv',1,'2026-07-15 03:17:46','2026-07-15 03:24:17'),(102,102,'dummydata-dataset1-102.csv','dataset1.csv','uploads/datasets/102/dummydata-dataset1-102.csv',34176,'text/csv',1,'2026-07-15 03:17:46','2026-07-15 03:24:17'),(103,103,'dummydata-dataset1-103.csv','dataset1.csv','uploads/datasets/103/dummydata-dataset1-103.csv',34176,'text/csv',1,'2026-07-15 03:17:46','2026-07-15 03:24:17'),(104,104,'dummydata-dataset1-104.csv','dataset1.csv','uploads/datasets/104/dummydata-dataset1-104.csv',34176,'text/csv',1,'2026-07-15 03:17:46','2026-07-15 03:24:17'),(105,105,'dummydata-dataset1-105.csv','dataset1.csv','uploads/datasets/105/dummydata-dataset1-105.csv',34176,'text/csv',1,'2026-07-15 03:17:46','2026-07-15 03:24:17'),(106,106,'dummydata-dataset1-106.csv','dataset1.csv','uploads/datasets/106/dummydata-dataset1-106.csv',34176,'text/csv',1,'2026-07-15 03:17:46','2026-07-15 03:24:17'),(107,107,'dummydata-dataset1-107.csv','dataset1.csv','uploads/datasets/107/dummydata-dataset1-107.csv',34176,'text/csv',1,'2026-07-15 03:17:46','2026-07-15 03:24:17'),(108,108,'dummydata-dataset1-108.csv','dataset1.csv','uploads/datasets/108/dummydata-dataset1-108.csv',34176,'text/csv',1,'2026-07-15 03:17:46','2026-07-15 03:24:17'),(109,109,'dummydata-dataset1-109.csv','dataset1.csv','uploads/datasets/109/dummydata-dataset1-109.csv',34176,'text/csv',1,'2026-07-15 03:17:46','2026-07-15 03:24:17'),(110,110,'dummydata-dataset1-110.csv','dataset1.csv','uploads/datasets/110/dummydata-dataset1-110.csv',34176,'text/csv',1,'2026-07-15 03:17:46','2026-07-15 03:24:17'),(111,111,'dummydata-dataset1-111.csv','dataset1.csv','uploads/datasets/111/dummydata-dataset1-111.csv',34176,'text/csv',1,'2026-07-15 03:17:46','2026-07-15 03:24:17'),(112,112,'dummydata-dataset1-112.csv','dataset1.csv','uploads/datasets/112/dummydata-dataset1-112.csv',34176,'text/csv',1,'2026-07-15 03:17:46','2026-07-15 03:24:17'),(113,113,'dummydata-dataset1-113.csv','dataset1.csv','uploads/datasets/113/dummydata-dataset1-113.csv',34176,'text/csv',1,'2026-07-15 03:17:46','2026-07-15 03:24:17'),(114,114,'dummydata-dataset1-114.csv','dataset1.csv','uploads/datasets/114/dummydata-dataset1-114.csv',34176,'text/csv',1,'2026-07-15 03:17:46','2026-07-15 03:24:17'),(115,115,'dummydata-dataset1-115.csv','dataset1.csv','uploads/datasets/115/dummydata-dataset1-115.csv',34176,'text/csv',1,'2026-07-15 03:17:46','2026-07-15 03:24:17'),(116,116,'dummydata-dataset1-116.csv','dataset1.csv','uploads/datasets/116/dummydata-dataset1-116.csv',34176,'text/csv',1,'2026-07-15 03:17:46','2026-07-15 03:24:17'),(117,117,'dummydata-dataset1-117.csv','dataset1.csv','uploads/datasets/117/dummydata-dataset1-117.csv',34176,'text/csv',1,'2026-07-15 03:17:46','2026-07-15 03:24:17'),(118,118,'dummydata-dataset1-118.csv','dataset1.csv','uploads/datasets/118/dummydata-dataset1-118.csv',34176,'text/csv',1,'2026-07-15 03:17:46','2026-07-15 03:24:17'),(119,119,'dummydata-dataset1-119.csv','dataset1.csv','uploads/datasets/119/dummydata-dataset1-119.csv',34176,'text/csv',1,'2026-07-15 03:17:46','2026-07-15 03:24:17'),(120,120,'dummydata-dataset1-120.csv','dataset1.csv','uploads/datasets/120/dummydata-dataset1-120.csv',34176,'text/csv',1,'2026-07-15 03:17:46','2026-07-15 03:24:17'),(121,121,'dummydata-dataset1-121.csv','dataset1.csv','uploads/datasets/121/dummydata-dataset1-121.csv',34176,'text/csv',1,'2026-07-15 03:17:46','2026-07-15 03:24:17'),(122,122,'dummydata-dataset1-122.csv','dataset1.csv','uploads/datasets/122/dummydata-dataset1-122.csv',34176,'text/csv',1,'2026-07-15 03:17:46','2026-07-15 03:24:17'),(123,123,'dummydata-dataset1-123.csv','dataset1.csv','uploads/datasets/123/dummydata-dataset1-123.csv',34176,'text/csv',1,'2026-07-15 03:17:46','2026-07-15 03:24:17');
/*!40000 ALTER TABLE `dataset_files` ENABLE KEYS */;
UNLOCK TABLES;

--
-- Table structure for table `dataset_versions`
--

DROP TABLE IF EXISTS `dataset_versions`;
/*!40101 SET @saved_cs_client     = @@character_set_client */;
/*!40101 SET character_set_client = utf8 */;
CREATE TABLE `dataset_versions` (
  `id` int(11) unsigned NOT NULL AUTO_INCREMENT,
  `dataset_id` int(11) unsigned NOT NULL,
  `version` varchar(20) NOT NULL,
  `change_summary` text DEFAULT NULL,
  `dataset_file_id` int(11) unsigned DEFAULT NULL,
  `created_by` int(11) unsigned NOT NULL,
  `created_at` datetime DEFAULT NULL,
  `updated_at` datetime DEFAULT NULL,
  PRIMARY KEY (`id`),
  KEY `dataset_versions_dataset_id_foreign` (`dataset_id`),
  KEY `dataset_versions_dataset_file_id_foreign` (`dataset_file_id`),
  KEY `dataset_versions_created_by_foreign` (`created_by`),
  CONSTRAINT `dataset_versions_created_by_foreign` FOREIGN KEY (`created_by`) REFERENCES `users` (`id`) ON DELETE CASCADE ON UPDATE CASCADE,
  CONSTRAINT `dataset_versions_dataset_file_id_foreign` FOREIGN KEY (`dataset_file_id`) REFERENCES `dataset_files` (`id`) ON DELETE SET NULL ON UPDATE SET NULL,
  CONSTRAINT `dataset_versions_dataset_id_foreign` FOREIGN KEY (`dataset_id`) REFERENCES `datasets` (`id`) ON DELETE CASCADE ON UPDATE CASCADE
) ENGINE=InnoDB AUTO_INCREMENT=125 DEFAULT CHARSET=utf8mb4 COLLATE=utf8mb4_general_ci;
/*!40101 SET character_set_client = @saved_cs_client */;

--
-- Dumping data for table `dataset_versions`
--

LOCK TABLES `dataset_versions` WRITE;
/*!40000 ALTER TABLE `dataset_versions` DISABLE KEYS */;
INSERT INTO `dataset_versions` VALUES (1,1,'1.0','Initial seeded dataset.',1,1,'2026-07-13 08:44:35','2026-07-13 08:44:35'),(2,2,'1.0','Initial seeded dataset.',2,1,'2026-07-13 08:44:35','2026-07-13 08:44:35'),(3,3,'1.0','Initial seeded dataset.',3,1,'2026-07-13 08:44:35','2026-07-13 08:44:35'),(4,1,'1.1','Updated author names',1,1,'2026-07-15 01:25:46','2026-07-15 01:25:46'),(5,4,'1.0','Imported from dummydata/dataset1.csv as a published demo upload.',4,1,'2026-07-15 03:17:46','2026-07-15 03:24:17'),(6,5,'1.0','Imported from dummydata/dataset1.csv as a published demo upload.',5,1,'2026-07-15 03:17:46','2026-07-15 03:24:17'),(7,6,'1.0','Imported from dummydata/dataset1.csv as a published demo upload.',6,1,'2026-07-15 03:17:46','2026-07-15 03:24:17'),(8,7,'1.0','Imported from dummydata/dataset1.csv as a published demo upload.',7,1,'2026-07-15 03:17:46','2026-07-15 03:24:17'),(9,8,'1.0','Imported from dummydata/dataset1.csv as a published demo upload.',8,1,'2026-07-15 03:17:46','2026-07-15 03:24:17'),(10,9,'1.0','Imported from dummydata/dataset1.csv as a published demo upload.',9,1,'2026-07-15 03:17:46','2026-07-15 03:24:17'),(11,10,'1.0','Imported from dummydata/dataset1.csv as a published demo upload.',10,1,'2026-07-15 03:17:46','2026-07-15 03:24:17'),(12,11,'1.0','Imported from dummydata/dataset1.csv as a published demo upload.',11,1,'2026-07-15 03:17:46','2026-07-15 03:24:17'),(13,12,'1.0','Imported from dummydata/dataset1.csv as a published demo upload.',12,1,'2026-07-15 03:17:46','2026-07-15 03:24:17'),(14,13,'1.0','Imported from dummydata/dataset1.csv as a published demo upload.',13,1,'2026-07-15 03:17:46','2026-07-15 03:24:17'),(15,14,'1.0','Imported from dummydata/dataset1.csv as a published demo upload.',14,1,'2026-07-15 03:17:46','2026-07-15 03:24:17'),(16,15,'1.0','Imported from dummydata/dataset1.csv as a published demo upload.',15,1,'2026-07-15 03:17:46','2026-07-15 03:24:17'),(17,16,'1.0','Imported from dummydata/dataset1.csv as a published demo upload.',16,1,'2026-07-15 03:17:46','2026-07-15 03:24:17'),(18,17,'1.0','Imported from dummydata/dataset1.csv as a published demo upload.',17,1,'2026-07-15 03:17:46','2026-07-15 03:24:17'),(19,18,'1.0','Imported from dummydata/dataset1.csv as a published demo upload.',18,1,'2026-07-15 03:17:46','2026-07-15 03:24:17'),(20,19,'1.0','Imported from dummydata/dataset1.csv as a published demo upload.',19,1,'2026-07-15 03:17:46','2026-07-15 03:24:17'),(21,20,'1.0','Imported from dummydata/dataset1.csv as a published demo upload.',20,1,'2026-07-15 03:17:46','2026-07-15 03:24:17'),(22,21,'1.0','Imported from dummydata/dataset1.csv as a published demo upload.',21,1,'2026-07-15 03:17:46','2026-07-15 03:24:17'),(23,22,'1.0','Imported from dummydata/dataset1.csv as a published demo upload.',22,1,'2026-07-15 03:17:46','2026-07-15 03:24:17'),(24,23,'1.0','Imported from dummydata/dataset1.csv as a published demo upload.',23,1,'2026-07-15 03:17:46','2026-07-15 03:24:17'),(25,24,'1.0','Imported from dummydata/dataset1.csv as a published demo upload.',24,1,'2026-07-15 03:17:46','2026-07-15 03:24:17'),(26,25,'1.0','Imported from dummydata/dataset1.csv as a published demo upload.',25,1,'2026-07-15 03:17:46','2026-07-15 03:24:17'),(27,26,'1.0','Imported from dummydata/dataset1.csv as a published demo upload.',26,1,'2026-07-15 03:17:46','2026-07-15 03:24:17'),(28,27,'1.0','Imported from dummydata/dataset1.csv as a published demo upload.',27,1,'2026-07-15 03:17:46','2026-07-15 03:24:17'),(29,28,'1.0','Imported from dummydata/dataset1.csv as a published demo upload.',28,1,'2026-07-15 03:17:46','2026-07-15 03:24:17'),(30,29,'1.0','Imported from dummydata/dataset1.csv as a published demo upload.',29,1,'2026-07-15 03:17:46','2026-07-15 03:24:17'),(31,30,'1.0','Imported from dummydata/dataset1.csv as a published demo upload.',30,1,'2026-07-15 03:17:46','2026-07-15 03:24:17'),(32,31,'1.0','Imported from dummydata/dataset1.csv as a published demo upload.',31,1,'2026-07-15 03:17:46','2026-07-15 03:24:17'),(33,32,'1.0','Imported from dummydata/dataset1.csv as a published demo upload.',32,1,'2026-07-15 03:17:46','2026-07-15 03:24:17'),(34,33,'1.0','Imported from dummydata/dataset1.csv as a published demo upload.',33,1,'2026-07-15 03:17:46','2026-07-15 03:24:17'),(35,34,'1.0','Imported from dummydata/dataset1.csv as a published demo upload.',34,1,'2026-07-15 03:17:46','2026-07-15 03:24:17'),(36,35,'1.0','Imported from dummydata/dataset1.csv as a published demo upload.',35,1,'2026-07-15 03:17:46','2026-07-15 03:24:17'),(37,36,'1.0','Imported from dummydata/dataset1.csv as a published demo upload.',36,1,'2026-07-15 03:17:46','2026-07-15 03:24:17'),(38,37,'1.0','Imported from dummydata/dataset1.csv as a published demo upload.',37,1,'2026-07-15 03:17:46','2026-07-15 03:24:17'),(39,38,'1.0','Imported from dummydata/dataset1.csv as a published demo upload.',38,1,'2026-07-15 03:17:46','2026-07-15 03:24:17'),(40,39,'1.0','Imported from dummydata/dataset1.csv as a published demo upload.',39,1,'2026-07-15 03:17:46','2026-07-15 03:24:17'),(41,40,'1.0','Imported from dummydata/dataset1.csv as a published demo upload.',40,1,'2026-07-15 03:17:46','2026-07-15 03:24:17'),(42,41,'1.0','Imported from dummydata/dataset1.csv as a published demo upload.',41,1,'2026-07-15 03:17:46','2026-07-15 03:24:17'),(43,42,'1.0','Imported from dummydata/dataset1.csv as a published demo upload.',42,1,'2026-07-15 03:17:46','2026-07-15 03:24:17'),(44,43,'1.0','Imported from dummydata/dataset1.csv as a published demo upload.',43,1,'2026-07-15 03:17:46','2026-07-15 03:24:17'),(45,44,'1.0','Imported from dummydata/dataset1.csv as a published demo upload.',44,1,'2026-07-15 03:17:46','2026-07-15 03:24:17'),(46,45,'1.0','Imported from dummydata/dataset1.csv as a published demo upload.',45,1,'2026-07-15 03:17:46','2026-07-15 03:24:17'),(47,46,'1.0','Imported from dummydata/dataset1.csv as a published demo upload.',46,1,'2026-07-15 03:17:46','2026-07-15 03:24:17'),(48,47,'1.0','Imported from dummydata/dataset1.csv as a published demo upload.',47,1,'2026-07-15 03:17:46','2026-07-15 03:24:17'),(49,48,'1.0','Imported from dummydata/dataset1.csv as a published demo upload.',48,1,'2026-07-15 03:17:46','2026-07-15 03:24:17'),(50,49,'1.0','Imported from dummydata/dataset1.csv as a published demo upload.',49,1,'2026-07-15 03:17:46','2026-07-15 03:24:17'),(51,50,'1.0','Imported from dummydata/dataset1.csv as a published demo upload.',50,1,'2026-07-15 03:17:46','2026-07-15 03:24:17'),(52,51,'1.0','Imported from dummydata/dataset1.csv as a published demo upload.',51,1,'2026-07-15 03:17:46','2026-07-15 03:24:17'),(53,52,'1.0','Imported from dummydata/dataset1.csv as a published demo upload.',52,1,'2026-07-15 03:17:46','2026-07-15 03:24:17'),(54,53,'1.0','Imported from dummydata/dataset1.csv as a published demo upload.',53,1,'2026-07-15 03:17:46','2026-07-15 03:24:17'),(55,54,'1.0','Imported from dummydata/dataset1.csv as a published demo upload.',54,1,'2026-07-15 03:17:46','2026-07-15 03:24:17'),(56,55,'1.0','Imported from dummydata/dataset1.csv as a published demo upload.',55,1,'2026-07-15 03:17:46','2026-07-15 03:24:17'),(57,56,'1.0','Imported from dummydata/dataset1.csv as a published demo upload.',56,1,'2026-07-15 03:17:46','2026-07-15 03:24:17'),(58,57,'1.0','Imported from dummydata/dataset1.csv as a published demo upload.',57,1,'2026-07-15 03:17:46','2026-07-15 03:24:17'),(59,58,'1.0','Imported from dummydata/dataset1.csv as a published demo upload.',58,1,'2026-07-15 03:17:46','2026-07-15 03:24:17'),(60,59,'1.0','Imported from dummydata/dataset1.csv as a published demo upload.',59,1,'2026-07-15 03:17:46','2026-07-15 03:24:17'),(61,60,'1.0','Imported from dummydata/dataset1.csv as a published demo upload.',60,1,'2026-07-15 03:17:46','2026-07-15 03:24:17'),(62,61,'1.0','Imported from dummydata/dataset1.csv as a published demo upload.',61,1,'2026-07-15 03:17:46','2026-07-15 03:24:17'),(63,62,'1.0','Imported from dummydata/dataset1.csv as a published demo upload.',62,1,'2026-07-15 03:17:46','2026-07-15 03:24:17'),(64,63,'1.0','Imported from dummydata/dataset1.csv as a published demo upload.',63,1,'2026-07-15 03:17:46','2026-07-15 03:24:17'),(65,64,'1.0','Imported from dummydata/dataset1.csv as a published demo upload.',64,1,'2026-07-15 03:17:46','2026-07-15 03:24:17'),(66,65,'1.0','Imported from dummydata/dataset1.csv as a published demo upload.',65,1,'2026-07-15 03:17:46','2026-07-15 03:24:17'),(67,66,'1.0','Imported from dummydata/dataset1.csv as a published demo upload.',66,1,'2026-07-15 03:17:46','2026-07-15 03:24:17'),(68,67,'1.0','Imported from dummydata/dataset1.csv as a published demo upload.',67,1,'2026-07-15 03:17:46','2026-07-15 03:24:17'),(69,68,'1.0','Imported from dummydata/dataset1.csv as a published demo upload.',68,1,'2026-07-15 03:17:46','2026-07-15 03:24:17'),(70,69,'1.0','Imported from dummydata/dataset1.csv as a published demo upload.',69,1,'2026-07-15 03:17:46','2026-07-15 03:24:17'),(71,70,'1.0','Imported from dummydata/dataset1.csv as a published demo upload.',70,1,'2026-07-15 03:17:46','2026-07-15 03:24:17'),(72,71,'1.0','Imported from dummydata/dataset1.csv as a published demo upload.',71,1,'2026-07-15 03:17:46','2026-07-15 03:24:17'),(73,72,'1.0','Imported from dummydata/dataset1.csv as a published demo upload.',72,1,'2026-07-15 03:17:46','2026-07-15 03:24:17'),(74,73,'1.0','Imported from dummydata/dataset1.csv as a published demo upload.',73,1,'2026-07-15 03:17:46','2026-07-15 03:24:17'),(75,74,'1.0','Imported from dummydata/dataset1.csv as a published demo upload.',74,1,'2026-07-15 03:17:46','2026-07-15 03:24:17'),(76,75,'1.0','Imported from dummydata/dataset1.csv as a published demo upload.',75,1,'2026-07-15 03:17:46','2026-07-15 03:24:17'),(77,76,'1.0','Imported from dummydata/dataset1.csv as a published demo upload.',76,1,'2026-07-15 03:17:46','2026-07-15 03:24:17'),(78,77,'1.0','Imported from dummydata/dataset1.csv as a published demo upload.',77,1,'2026-07-15 03:17:46','2026-07-15 03:24:17'),(79,78,'1.0','Imported from dummydata/dataset1.csv as a published demo upload.',78,1,'2026-07-15 03:17:46','2026-07-15 03:24:17'),(80,79,'1.0','Imported from dummydata/dataset1.csv as a published demo upload.',79,1,'2026-07-15 03:17:46','2026-07-15 03:24:17'),(81,80,'1.0','Imported from dummydata/dataset1.csv as a published demo upload.',80,1,'2026-07-15 03:17:46','2026-07-15 03:24:17'),(82,81,'1.0','Imported from dummydata/dataset1.csv as a published demo upload.',81,1,'2026-07-15 03:17:46','2026-07-15 03:24:17'),(83,82,'1.0','Imported from dummydata/dataset1.csv as a published demo upload.',82,1,'2026-07-15 03:17:46','2026-07-15 03:24:17'),(84,83,'1.0','Imported from dummydata/dataset1.csv as a published demo upload.',83,1,'2026-07-15 03:17:46','2026-07-15 03:24:17'),(85,84,'1.0','Imported from dummydata/dataset1.csv as a published demo upload.',84,1,'2026-07-15 03:17:46','2026-07-15 03:24:17'),(86,85,'1.0','Imported from dummydata/dataset1.csv as a published demo upload.',85,1,'2026-07-15 03:17:46','2026-07-15 03:24:17'),(87,86,'1.0','Imported from dummydata/dataset1.csv as a published demo upload.',86,1,'2026-07-15 03:17:46','2026-07-15 03:24:17'),(88,87,'1.0','Imported from dummydata/dataset1.csv as a published demo upload.',87,1,'2026-07-15 03:17:46','2026-07-15 03:24:17'),(89,88,'1.0','Imported from dummydata/dataset1.csv as a published demo upload.',88,1,'2026-07-15 03:17:46','2026-07-15 03:24:17'),(90,89,'1.0','Imported from dummydata/dataset1.csv as a published demo upload.',89,1,'2026-07-15 03:17:46','2026-07-15 03:24:17'),(91,90,'1.0','Imported from dummydata/dataset1.csv as a published demo upload.',90,1,'2026-07-15 03:17:46','2026-07-15 03:24:17'),(92,91,'1.0','Imported from dummydata/dataset1.csv as a published demo upload.',91,1,'2026-07-15 03:17:46','2026-07-15 03:24:17'),(93,92,'1.0','Imported from dummydata/dataset1.csv as a published demo upload.',92,1,'2026-07-15 03:17:46','2026-07-15 03:24:17'),(94,93,'1.0','Imported from dummydata/dataset1.csv as a published demo upload.',93,1,'2026-07-15 03:17:46','2026-07-15 03:24:17'),(95,94,'1.0','Imported from dummydata/dataset1.csv as a published demo upload.',94,1,'2026-07-15 03:17:46','2026-07-15 03:24:17'),(96,95,'1.0','Imported from dummydata/dataset1.csv as a published demo upload.',95,1,'2026-07-15 03:17:46','2026-07-15 03:24:17'),(97,96,'1.0','Imported from dummydata/dataset1.csv as a published demo upload.',96,1,'2026-07-15 03:17:46','2026-07-15 03:24:17'),(98,97,'1.0','Imported from dummydata/dataset1.csv as a published demo upload.',97,1,'2026-07-15 03:17:46','2026-07-15 03:24:17'),(99,98,'1.0','Imported from dummydata/dataset1.csv as a published demo upload.',98,1,'2026-07-15 03:17:46','2026-07-15 03:24:17'),(100,99,'1.0','Imported from dummydata/dataset1.csv as a published demo upload.',99,1,'2026-07-15 03:17:46','2026-07-15 03:24:17'),(101,100,'1.0','Imported from dummydata/dataset1.csv as a published demo upload.',100,1,'2026-07-15 03:17:46','2026-07-15 03:24:17'),(102,101,'1.0','Imported from dummydata/dataset1.csv as a published demo upload.',101,1,'2026-07-15 03:17:46','2026-07-15 03:24:17'),(103,102,'1.0','Imported from dummydata/dataset1.csv as a published demo upload.',102,1,'2026-07-15 03:17:46','2026-07-15 03:24:17'),(104,103,'1.0','Imported from dummydata/dataset1.csv as a published demo upload.',103,1,'2026-07-15 03:17:46','2026-07-15 03:24:17'),(105,104,'1.0','Imported from dummydata/dataset1.csv as a published demo upload.',104,1,'2026-07-15 03:17:46','2026-07-15 03:24:17'),(106,105,'1.0','Imported from dummydata/dataset1.csv as a published demo upload.',105,1,'2026-07-15 03:17:46','2026-07-15 03:24:17'),(107,106,'1.0','Imported from dummydata/dataset1.csv as a published demo upload.',106,1,'2026-07-15 03:17:46','2026-07-15 03:24:17'),(108,107,'1.0','Imported from dummydata/dataset1.csv as a published demo upload.',107,1,'2026-07-15 03:17:46','2026-07-15 03:24:17'),(109,108,'1.0','Imported from dummydata/dataset1.csv as a published demo upload.',108,1,'2026-07-15 03:17:46','2026-07-15 03:24:17'),(110,109,'1.0','Imported from dummydata/dataset1.csv as a published demo upload.',109,1,'2026-07-15 03:17:46','2026-07-15 03:24:17'),(111,110,'1.0','Imported from dummydata/dataset1.csv as a published demo upload.',110,1,'2026-07-15 03:17:46','2026-07-15 03:24:17'),(112,111,'1.0','Imported from dummydata/dataset1.csv as a published demo upload.',111,1,'2026-07-15 03:17:46','2026-07-15 03:24:17'),(113,112,'1.0','Imported from dummydata/dataset1.csv as a published demo upload.',112,1,'2026-07-15 03:17:46','2026-07-15 03:24:17'),(114,113,'1.0','Imported from dummydata/dataset1.csv as a published demo upload.',113,1,'2026-07-15 03:17:46','2026-07-15 03:24:17'),(115,114,'1.0','Imported from dummydata/dataset1.csv as a published demo upload.',114,1,'2026-07-15 03:17:46','2026-07-15 03:24:17'),(116,115,'1.0','Imported from dummydata/dataset1.csv as a published demo upload.',115,1,'2026-07-15 03:17:46','2026-07-15 03:24:17'),(117,116,'1.0','Imported from dummydata/dataset1.csv as a published demo upload.',116,1,'2026-07-15 03:17:46','2026-07-15 03:24:17'),(118,117,'1.0','Imported from dummydata/dataset1.csv as a published demo upload.',117,1,'2026-07-15 03:17:46','2026-07-15 03:24:17'),(119,118,'1.0','Imported from dummydata/dataset1.csv as a published demo upload.',118,1,'2026-07-15 03:17:46','2026-07-15 03:24:17'),(120,119,'1.0','Imported from dummydata/dataset1.csv as a published demo upload.',119,1,'2026-07-15 03:17:46','2026-07-15 03:24:17'),(121,120,'1.0','Imported from dummydata/dataset1.csv as a published demo upload.',120,1,'2026-07-15 03:17:46','2026-07-15 03:24:17'),(122,121,'1.0','Imported from dummydata/dataset1.csv as a published demo upload.',121,1,'2026-07-15 03:17:46','2026-07-15 03:24:17'),(123,122,'1.0','Imported from dummydata/dataset1.csv as a published demo upload.',122,1,'2026-07-15 03:17:46','2026-07-15 03:24:17'),(124,123,'1.0','Imported from dummydata/dataset1.csv as a published demo upload.',123,1,'2026-07-15 03:17:46','2026-07-15 03:24:17');
/*!40000 ALTER TABLE `dataset_versions` ENABLE KEYS */;
UNLOCK TABLES;

--
-- Table structure for table `dataset_views`
--

DROP TABLE IF EXISTS `dataset_views`;
/*!40101 SET @saved_cs_client     = @@character_set_client */;
/*!40101 SET character_set_client = utf8 */;
CREATE TABLE `dataset_views` (
  `id` int(11) unsigned NOT NULL AUTO_INCREMENT,
  `dataset_id` int(11) unsigned NOT NULL,
  `user_id` int(11) unsigned DEFAULT NULL,
  `viewed_at` datetime NOT NULL,
  `ip_address` varchar(45) DEFAULT NULL,
  PRIMARY KEY (`id`),
  KEY `dataset_views_dataset_id_foreign` (`dataset_id`),
  KEY `dataset_views_user_id_foreign` (`user_id`),
  CONSTRAINT `dataset_views_dataset_id_foreign` FOREIGN KEY (`dataset_id`) REFERENCES `datasets` (`id`) ON DELETE CASCADE ON UPDATE CASCADE,
  CONSTRAINT `dataset_views_user_id_foreign` FOREIGN KEY (`user_id`) REFERENCES `users` (`id`) ON DELETE SET NULL ON UPDATE SET NULL
) ENGINE=InnoDB AUTO_INCREMENT=8 DEFAULT CHARSET=utf8mb4 COLLATE=utf8mb4_general_ci;
/*!40101 SET character_set_client = @saved_cs_client */;

--
-- Dumping data for table `dataset_views`
--

LOCK TABLES `dataset_views` WRITE;
/*!40000 ALTER TABLE `dataset_views` DISABLE KEYS */;
INSERT INTO `dataset_views` VALUES (1,2,NULL,'2026-07-13 08:45:06','::1'),(2,2,3,'2026-07-14 08:41:56','::1'),(3,2,3,'2026-07-14 08:42:02','::1'),(4,1,NULL,'2026-07-15 01:04:17','::1'),(5,2,NULL,'2026-07-15 01:11:46','::1'),(6,1,NULL,'2026-07-15 01:14:30','::1'),(7,1,2,'2026-07-15 01:54:56','::1');
/*!40000 ALTER TABLE `dataset_views` ENABLE KEYS */;
UNLOCK TABLES;

--
-- Table structure for table `datasets`
--

DROP TABLE IF EXISTS `datasets`;
/*!40101 SET @saved_cs_client     = @@character_set_client */;
/*!40101 SET character_set_client = utf8 */;
CREATE TABLE `datasets` (
  `id` int(11) unsigned NOT NULL AUTO_INCREMENT,
  `title` varchar(255) NOT NULL,
  `description` text NOT NULL,
  `category` varchar(120) NOT NULL,
  `tags` varchar(255) DEFAULT NULL,
  `data_type` varchar(80) NOT NULL,
  `file_format` varchar(30) NOT NULL,
  `source_type` varchar(80) NOT NULL,
  `source_link` varchar(255) DEFAULT NULL,
  `form` varchar(80) DEFAULT NULL,
  `research_title` varchar(255) NOT NULL,
  `project_head` varchar(150) NOT NULL,
  `members` text DEFAULT NULL,
  `contributor_id` int(11) unsigned NOT NULL,
  `status` varchar(30) NOT NULL DEFAULT 'pending',
  `access_type` varchar(30) NOT NULL DEFAULT 'public',
  `version` varchar(20) NOT NULL DEFAULT '1.0',
  `approved_by` int(11) unsigned DEFAULT NULL,
  `approved_at` datetime DEFAULT NULL,
  `archived_at` datetime DEFAULT NULL,
  `archived_from_status` varchar(40) DEFAULT NULL,
  `created_at` datetime DEFAULT NULL,
  `updated_at` datetime DEFAULT NULL,
  PRIMARY KEY (`id`),
  KEY `datasets_contributor_id_foreign` (`contributor_id`),
  KEY `datasets_approved_by_foreign` (`approved_by`),
  KEY `status_data_type` (`status`,`data_type`),
  CONSTRAINT `datasets_approved_by_foreign` FOREIGN KEY (`approved_by`) REFERENCES `users` (`id`) ON DELETE SET NULL ON UPDATE SET NULL,
  CONSTRAINT `datasets_contributor_id_foreign` FOREIGN KEY (`contributor_id`) REFERENCES `users` (`id`) ON DELETE CASCADE ON UPDATE CASCADE
) ENGINE=InnoDB AUTO_INCREMENT=124 DEFAULT CHARSET=utf8mb4 COLLATE=utf8mb4_general_ci;
/*!40101 SET character_set_client = @saved_cs_client */;

--
-- Dumping data for table `datasets`
--

LOCK TABLES `datasets` WRITE;
/*!40000 ALTER TABLE `datasets` DISABLE KEYS */;
INSERT INTO `datasets` VALUES (1,'Startup Survey Responses Extended Title Text','Sample tabular dataset for incubatee startup needs assessment. Lorem ipsum dolor sit amet, consectetur adipiscing elit, sed do eiusmod tempor incididunt ut labore et dolore magna aliqua. Ut enim ad minim veniam, quis nostrud exercitation ullamco laboris nisi ut aliquip ex ea commodo consequat. Duis aute irure dolor in reprehenderit in voluptate velit esse cillum dolore eu fugiat nulla pariatur.','Startup Research','startup,survey,incubatee,asog,tbi,adviser,version,author,test,tagtest,harvey','Tabular','ZIP','Primary','',NULL,'ASOG TBI Startup Needs Assessment','Demo Adviser','Harvey Lloyd V. Palacios, John Renzzo B. Montenegro, Divino Al Ricafort, Sean Xander B. Aquino',1,'published','public','1.1',2,'2026-07-15 01:35:31',NULL,NULL,'2026-07-13 08:44:35','2026-07-15 01:35:31'),(2,'Innovation Program Interviews','Sample text dataset containing coded interview excerpts.','Innovation','innovation,interview,text','Text','ZIP','Primary',NULL,NULL,'Innovation Program Review','Demo Adviser',NULL,1,'published','public','1.0',NULL,'2026-07-13 08:44:35',NULL,NULL,'2026-07-13 08:44:35','2026-07-13 08:44:35'),(3,'Pending Prototype Dataset','Sample pending dataset visible only to its contributor while the separate Admin Portal handles review.','Prototype','prototype,pending','Tabular','ZIP','Secondary',NULL,NULL,'Prototype Dataset Submission','Demo Adviser',NULL,1,'pending_ethics_review','public','1.0',NULL,NULL,NULL,NULL,'2026-07-13 08:44:35','2026-07-13 08:44:35'),(4,'Social Media Trends 2023','Explore the latest trends in social media marketing and user engagement. This dataset includes data on popular platforms, content types, and user demographics., social media, trends, marketing, engagement, platforms, demographics','Dummy Data','social,media,trends,2023','Tabular','CSV','Secondary',NULL,'CSV','Dummydata Import: Social Media Trends 2023','Demo User','Imported dummydata row 1',1,'published','public','1.0',2,'2026-07-15 03:24:17',NULL,NULL,'2026-07-15 03:17:46','2026-07-15 03:24:17'),(5,'Twitter Sentiment Analysis','Analyze sentiment on Twitter with this comprehensive dataset. It contains tweets, user information, and sentiment scores, making it ideal for sentiment analysis projects., Twitter, sentiment analysis, tweets, user data, sentiment scores','Dummy Data','twitter,sentiment,analysis','Tabular','CSV','Secondary',NULL,'CSV','Dummydata Import: Twitter Sentiment Analysis','Demo User','Imported dummydata row 2',1,'published','public','1.0',2,'2026-07-15 03:24:17',NULL,NULL,'2026-07-15 03:17:46','2026-07-15 03:24:17'),(6,'Instagram Influencer Metrics','Get insights into Instagram influencer marketing with this dataset. Track follower counts, engagement rates, and content performance for top influencers., Instagram, influencers, marketing, followers, engagement, content','Dummy Data','instagram,influencer,metrics','Tabular','CSV','Secondary',NULL,'CSV','Dummydata Import: Instagram Influencer Metrics','Demo User','Imported dummydata row 3',1,'published','public','1.0',2,'2026-07-15 03:24:17',NULL,NULL,'2026-07-15 03:17:46','2026-07-15 03:24:17'),(7,'Facebook Ad Campaigns','Study the effectiveness of Facebook ad campaigns with this dataset. It includes ad impressions, click-through rates, and demographic targeting data., Facebook, ads, campaigns, impressions, click-through rates, demographics','Dummy Data','facebook,ad,campaigns','Tabular','CSV','Secondary',NULL,'CSV','Dummydata Import: Facebook Ad Campaigns','Demo User','Imported dummydata row 4',1,'published','public','1.0',2,'2026-07-15 03:24:17',NULL,NULL,'2026-07-15 03:17:46','2026-07-15 03:24:17'),(8,'Social Media User Behavior','Explore user behavior on various social media platforms. Analyze posting frequency, content preferences, and interaction patterns., user behavior, social media, posting frequency, content preferences, interaction patterns','Dummy Data','social,media,user,behavior','Tabular','CSV','Secondary',NULL,'CSV','Dummydata Import: Social Media User Behavior','Demo User','Imported dummydata row 5',1,'published','public','1.0',2,'2026-07-15 03:24:17',NULL,NULL,'2026-07-15 03:17:46','2026-07-15 03:24:17'),(9,'LinkedIn Professional Profiles','Access a dataset of LinkedIn professional profiles for research and analysis. Includes job history, skills, and connection networks., LinkedIn, professional profiles, job history, skills, connections','Dummy Data','linkedin,professional,profiles','Tabular','CSV','Secondary',NULL,'CSV','Dummydata Import: LinkedIn Professional Profiles','Demo User','Imported dummydata row 6',1,'published','public','1.0',2,'2026-07-15 03:24:17',NULL,NULL,'2026-07-15 03:17:46','2026-07-15 03:24:17'),(10,'YouTube Video Analytics','Analyze YouTube video performance with this dataset. Includes view counts, likes, dislikes, and video metadata., YouTube, video analytics, views, likes, dislikes, metadata','Dummy Data','youtube,video,analytics','Tabular','CSV','Secondary',NULL,'CSV','Dummydata Import: YouTube Video Analytics','Demo User','Imported dummydata row 7',1,'published','public','1.0',2,'2026-07-15 03:24:17',NULL,NULL,'2026-07-15 03:17:46','2026-07-15 03:24:17'),(11,'Snapchat Stories Data','Examine Snapchat stories data, including story views, time spent, and user engagement metrics., Snapchat, stories, data, views, time spent, engagement','Dummy Data','snapchat,stories,data','Tabular','CSV','Secondary',NULL,'CSV','Dummydata Import: Snapchat Stories Data','Demo User','Imported dummydata row 8',1,'published','public','1.0',2,'2026-07-15 03:24:17',NULL,NULL,'2026-07-15 03:17:46','2026-07-15 03:24:17'),(12,'TikTok Viral Videos','Study viral videos on TikTok with this dataset. Identify trends, user engagement, and video characteristics., TikTok, viral videos, trends, engagement, video characteristics','Dummy Data','tiktok,viral,videos','Tabular','CSV','Secondary',NULL,'CSV','Dummydata Import: TikTok Viral Videos','Demo User','Imported dummydata row 9',1,'published','public','1.0',2,'2026-07-15 03:24:17',NULL,NULL,'2026-07-15 03:17:46','2026-07-15 03:24:17'),(13,'Pinterest Image Pins','Explore image pin data on Pinterest. Includes image URLs, descriptions, and user interactions., Pinterest, image pins, image URLs, descriptions, user interactions','Dummy Data','pinterest,image,pins','Tabular','CSV','Secondary',NULL,'CSV','Dummydata Import: Pinterest Image Pins','Demo User','Imported dummydata row 10',1,'published','public','1.0',2,'2026-07-15 03:24:17',NULL,NULL,'2026-07-15 03:17:46','2026-07-15 03:24:17'),(14,'Reddit Community Analytics','Analyze Reddit community activity and discussions. Includes post data, comment threads, and user demographics., Reddit, community, analytics, posts, comments, demographics','Dummy Data','reddit,community,analytics','Tabular','CSV','Secondary',NULL,'CSV','Dummydata Import: Reddit Community Analytics','Demo User','Imported dummydata row 11',1,'published','public','1.0',2,'2026-07-15 03:24:17',NULL,NULL,'2026-07-15 03:17:46','2026-07-15 03:24:17'),(15,'Social Media Ad Spending','Track ad spending on social media platforms. Includes data on ad budgets, impressions, and ROI., ad spending, social media, budgets, impressions, ROI','Dummy Data','social,media,ad,spending','Tabular','CSV','Secondary',NULL,'CSV','Dummydata Import: Social Media Ad Spending','Demo User','Imported dummydata row 12',1,'published','public','1.0',2,'2026-07-15 03:24:17',NULL,NULL,'2026-07-15 03:17:46','2026-07-15 03:24:17'),(16,'Twitter Hashtag Trends','Monitor popular hashtag trends on Twitter. Analyze frequency, reach, and sentiment., Twitter, hashtags, trends, frequency, reach, sentiment','Dummy Data','twitter,hashtag,trends','Tabular','CSV','Secondary',NULL,'CSV','Dummydata Import: Twitter Hashtag Trends','Demo User','Imported dummydata row 13',1,'published','public','1.0',2,'2026-07-15 03:24:17',NULL,NULL,'2026-07-15 03:17:46','2026-07-15 03:24:17'),(17,'Instagram Influencer Collaborations','Explore collaborations between influencers on Instagram. Includes partnership data and engagement metrics., Instagram, influencers, collaborations, partnerships, engagement','Dummy Data','instagram,influencer,collaborations','Tabular','CSV','Secondary',NULL,'CSV','Dummydata Import: Instagram Influencer Collaborations','Demo User','Imported dummydata row 14',1,'published','public','1.0',2,'2026-07-15 03:24:17',NULL,NULL,'2026-07-15 03:17:46','2026-07-15 03:24:17'),(18,'Facebook User Activity','Study user activity on Facebook, including post types, likes, and comments., Facebook, user activity, posts, likes, comments','Dummy Data','facebook,user,activity','Tabular','CSV','Secondary',NULL,'CSV','Dummydata Import: Facebook User Activity','Demo User','Imported dummydata row 15',1,'published','public','1.0',2,'2026-07-15 03:24:17',NULL,NULL,'2026-07-15 03:17:46','2026-07-15 03:24:17'),(19,'Social Media User Demographics','Get insights into the demographics of social media users. Includes age, gender, and location data., user demographics, social media, age, gender, location','Dummy Data','social,media,user,demographics','Tabular','CSV','Secondary',NULL,'CSV','Dummydata Import: Social Media User Demographics','Demo User','Imported dummydata row 16',1,'published','public','1.0',2,'2026-07-15 03:24:17',NULL,NULL,'2026-07-15 03:17:46','2026-07-15 03:24:17'),(20,'LinkedIn Job Postings','Access data on job postings and employment trends on LinkedIn. Includes job titles, industries, and application data., LinkedIn, job postings, employment trends, job titles, industries, applications','Dummy Data','linkedin,job,postings','Tabular','CSV','Secondary',NULL,'CSV','Dummydata Import: LinkedIn Job Postings','Demo User','Imported dummydata row 17',1,'published','public','1.0',2,'2026-07-15 03:24:17',NULL,NULL,'2026-07-15 03:17:46','2026-07-15 03:24:17'),(21,'YouTube Content Categories','Categorize YouTube content by genre and subject matter. Includes video titles and descriptions., YouTube, content categories, genre, subject matter, titles, descriptions','Dummy Data','youtube,content,categories','Tabular','CSV','Secondary',NULL,'CSV','Dummydata Import: YouTube Content Categories','Demo User','Imported dummydata row 18',1,'published','public','1.0',2,'2026-07-15 03:24:17',NULL,NULL,'2026-07-15 03:17:46','2026-07-15 03:24:17'),(22,'Snapchat Geolocation Data','Explore geolocation data from Snapchat. Includes location tags and user activity in specific areas., Snapchat, geolocation data, location tags, user activity','Dummy Data','snapchat,geolocation,data','Tabular','CSV','Secondary',NULL,'CSV','Dummydata Import: Snapchat Geolocation Data','Demo User','Imported dummydata row 19',1,'published','public','1.0',2,'2026-07-15 03:24:17',NULL,NULL,'2026-07-15 03:17:46','2026-07-15 03:24:17'),(23,'TikTok Music Trends','Analyze music trends on TikTok. Identify popular songs, challenges, and user-generated content., TikTok, music trends, songs, challenges, user-generated content','Dummy Data','tiktok,music,trends','Tabular','CSV','Secondary',NULL,'CSV','Dummydata Import: TikTok Music Trends','Demo User','Imported dummydata row 20',1,'published','public','1.0',2,'2026-07-15 03:24:17',NULL,NULL,'2026-07-15 03:17:46','2026-07-15 03:24:17'),(24,'Crop Yield Analysis 2023','Analyze crop yield data for the year 2023 with this comprehensive dataset. It includes information on crop types, planting techniques, and weather conditions, making it valuable for agricultural research and planning., agriculture, crop yield, 2023, planting techniques, weather conditions','Dummy Data','crop,yield,analysis,2023','Tabular','CSV','Secondary',NULL,'CSV','Dummydata Import: Crop Yield Analysis 2023','Demo User','Imported dummydata row 21',1,'published','public','1.0',2,'2026-07-15 03:24:17',NULL,NULL,'2026-07-15 03:17:46','2026-07-15 03:24:17'),(25,'Soil Quality Assessment','Assess soil quality and composition with this dataset. It provides data on soil pH, nutrient levels, and texture across various agricultural regions., agriculture, soil quality, soil pH, nutrient levels, texture, agricultural regions','Dummy Data','soil,quality,assessment','Tabular','CSV','Secondary',NULL,'CSV','Dummydata Import: Soil Quality Assessment','Demo User','Imported dummydata row 22',1,'published','public','1.0',2,'2026-07-15 03:24:17',NULL,NULL,'2026-07-15 03:17:46','2026-07-15 03:24:17'),(26,'Irrigation Efficiency Metrics','Evaluate irrigation efficiency on farms using this dataset. It contains data on irrigation methods, water usage, and crop water requirements., agriculture, irrigation efficiency, farms, irrigation methods, water usage, crop water requirements','Dummy Data','irrigation,efficiency,metrics','Tabular','CSV','Secondary',NULL,'CSV','Dummydata Import: Irrigation Efficiency Metrics','Demo User','Imported dummydata row 23',1,'published','public','1.0',2,'2026-07-15 03:24:17',NULL,NULL,'2026-07-15 03:17:46','2026-07-15 03:24:17'),(27,'Pesticide Usage Trends','Track trends in pesticide usage in agriculture over the past decade. This dataset includes information on pesticide types, application rates, and environmental impact., agriculture, pesticide usage, trends, pesticide types, application rates, environmental impact','Dummy Data','pesticide,usage,trends','Tabular','CSV','Secondary',NULL,'CSV','Dummydata Import: Pesticide Usage Trends','Demo User','Imported dummydata row 24',1,'published','public','1.0',2,'2026-07-15 03:24:17',NULL,NULL,'2026-07-15 03:17:46','2026-07-15 03:24:17'),(28,'Farm Equipment Inventory','Manage farm equipment inventory with this dataset. It includes details on equipment types, maintenance schedules, and usage logs., agriculture, farm equipment, inventory, equipment types, maintenance schedules, usage logs','Dummy Data','farm,equipment,inventory','Tabular','CSV','Secondary',NULL,'CSV','Dummydata Import: Farm Equipment Inventory','Demo User','Imported dummydata row 25',1,'published','public','1.0',2,'2026-07-15 03:24:17',NULL,NULL,'2026-07-15 03:17:46','2026-07-15 03:24:17'),(29,'Crop Disease Monitoring','Monitor and analyze crop diseases with this dataset. It provides data on disease outbreaks, affected crops, and recommended treatments., agriculture, crop diseases, monitoring, outbreaks, affected crops, treatments','Dummy Data','crop,disease,monitoring','Tabular','CSV','Secondary',NULL,'CSV','Dummydata Import: Crop Disease Monitoring','Demo User','Imported dummydata row 26',1,'published','public','1.0',2,'2026-07-15 03:24:17',NULL,NULL,'2026-07-15 03:17:46','2026-07-15 03:24:17'),(30,'Livestock Health Records','Maintain livestock health records with this dataset. It includes information on animal vaccinations, medical treatments, and growth statistics., agriculture, livestock health, records, vaccinations, medical treatments, growth statistics','Dummy Data','livestock,health,records','Tabular','CSV','Secondary',NULL,'CSV','Dummydata Import: Livestock Health Records','Demo User','Imported dummydata row 27',1,'published','public','1.0',2,'2026-07-15 03:24:17',NULL,NULL,'2026-07-15 03:17:46','2026-07-15 03:24:17'),(31,'Agronomy Research Data','Access research data on agronomy practices and experiments. This dataset covers soil studies, crop rotations, and yield optimization strategies., agriculture, agronomy research, soil studies, crop rotations, yield optimization','Dummy Data','agronomy,research,data','Tabular','CSV','Secondary',NULL,'CSV','Dummydata Import: Agronomy Research Data','Demo User','Imported dummydata row 28',1,'published','public','1.0',2,'2026-07-15 03:24:17',NULL,NULL,'2026-07-15 03:17:46','2026-07-15 03:24:17'),(32,'Agricultural Weather Patterns','Study historical weather patterns affecting agriculture. Includes temperature, precipitation, and growing season data for various regions., agriculture, weather patterns, historical data, temperature, precipitation, growing season','Dummy Data','agricultural,weather,patterns','Tabular','CSV','Secondary',NULL,'CSV','Dummydata Import: Agricultural Weather Patterns','Demo User','Imported dummydata row 29',1,'published','public','1.0',2,'2026-07-15 03:24:17',NULL,NULL,'2026-07-15 03:17:46','2026-07-15 03:24:17'),(33,'Farm Income Analysis','Analyze farm income data to make financial decisions. This dataset includes revenue, expenses, and profitability metrics for different types of farms., agriculture, farm income, financial analysis, revenue, expenses, profitability','Dummy Data','farm,income,analysis','Tabular','CSV','Secondary',NULL,'CSV','Dummydata Import: Farm Income Analysis','Demo User','Imported dummydata row 30',1,'published','public','1.0',2,'2026-07-15 03:24:17',NULL,NULL,'2026-07-15 03:17:46','2026-07-15 03:24:17'),(34,'Crop Harvest Records','Maintain records of crop harvests with this dataset. It covers harvest dates, crop quantities, and storage information., agriculture, crop harvest, records, harvest dates, crop quantities, storage','Dummy Data','crop,harvest,records','Tabular','CSV','Secondary',NULL,'CSV','Dummydata Import: Crop Harvest Records','Demo User','Imported dummydata row 31',1,'published','public','1.0',2,'2026-07-15 03:24:17',NULL,NULL,'2026-07-15 03:17:46','2026-07-15 03:24:17'),(35,'Agricultural Market Prices','Track market prices for agricultural products. This dataset includes price trends for crops, livestock, and dairy products., agriculture, market prices, price trends, crops, livestock, dairy products','Dummy Data','agricultural,market,prices','Tabular','CSV','Secondary',NULL,'CSV','Dummydata Import: Agricultural Market Prices','Demo User','Imported dummydata row 32',1,'published','public','1.0',2,'2026-07-15 03:24:17',NULL,NULL,'2026-07-15 03:17:46','2026-07-15 03:24:17'),(36,'Organic Farming Practices','Explore data on organic farming practices. Includes information on organic certifications, crop rotation, and pesticide-free methods., agriculture, organic farming, practices, certifications, crop rotation, pesticide-free','Dummy Data','organic,farming,practices','Tabular','CSV','Secondary',NULL,'CSV','Dummydata Import: Organic Farming Practices','Demo User','Imported dummydata row 33',1,'published','public','1.0',2,'2026-07-15 03:24:17',NULL,NULL,'2026-07-15 03:17:46','2026-07-15 03:24:17'),(37,'Aquaculture Production Stats','Analyze statistics on aquaculture production. This dataset covers fish farms, production volumes, and water quality parameters., agriculture, aquaculture, production statistics, fish farms, production volumes, water quality','Dummy Data','aquaculture,production,stats','Tabular','CSV','Secondary',NULL,'CSV','Dummydata Import: Aquaculture Production Stats','Demo User','Imported dummydata row 34',1,'published','public','1.0',2,'2026-07-15 03:24:17',NULL,NULL,'2026-07-15 03:17:46','2026-07-15 03:24:17'),(38,'Precision Farming Sensors','Access sensor data for precision agriculture. This dataset includes information on soil moisture, temperature, and nutrient levels., agriculture, precision farming, sensors, soil moisture, temperature, nutrient levels','Dummy Data','precision,farming,sensors','Tabular','CSV','Secondary',NULL,'CSV','Dummydata Import: Precision Farming Sensors','Demo User','Imported dummydata row 35',1,'published','public','1.0',2,'2026-07-15 03:24:17',NULL,NULL,'2026-07-15 03:17:46','2026-07-15 03:24:17'),(39,'Farm Land Usage Survey','Conduct a survey of farm land usage with this dataset. It provides insights into land allocation, crop diversity, and land management practices., agriculture, land usage, survey, land allocation, crop diversity, land management','Dummy Data','farm,land,usage,survey','Tabular','CSV','Secondary',NULL,'CSV','Dummydata Import: Farm Land Usage Survey','Demo User','Imported dummydata row 36',1,'published','public','1.0',2,'2026-07-15 03:24:17',NULL,NULL,'2026-07-15 03:17:46','2026-07-15 03:24:17'),(40,'Farmers\' Market Locations','Locate farmers\' markets with this dataset. It includes market names, addresses, and operating hours., agriculture, farmers\' markets, locations, market names, addresses, operating hours','Dummy Data','farmers,market,locations','Tabular','CSV','Secondary',NULL,'CSV','Dummydata Import: Farmers\' Market Locations','Demo User','Imported dummydata row 37',1,'published','public','1.0',2,'2026-07-15 03:24:17',NULL,NULL,'2026-07-15 03:17:46','2026-07-15 03:24:17'),(41,'Agricultural Research Papers','Access a collection of agricultural research papers for academic study. Includes topics on sustainable farming, biotechnology, and crop genetics., agriculture, research papers, academic study, sustainable farming, biotechnology, crop genetics','Dummy Data','agricultural,research,papers','Tabular','CSV','Secondary',NULL,'CSV','Dummydata Import: Agricultural Research Papers','Demo User','Imported dummydata row 38',1,'published','public','1.0',2,'2026-07-15 03:24:17',NULL,NULL,'2026-07-15 03:17:46','2026-07-15 03:24:17'),(42,'Food Security Metrics','Evaluate food security metrics for different regions. This dataset covers food availability, access, and utilization., agriculture, food security, metrics, regions, food availability, access, utilization','Dummy Data','food,security,metrics','Tabular','CSV','Secondary',NULL,'CSV','Dummydata Import: Food Security Metrics','Demo User','Imported dummydata row 39',1,'published','public','1.0',2,'2026-07-15 03:24:17',NULL,NULL,'2026-07-15 03:17:46','2026-07-15 03:24:17'),(43,'Rural Development Initiatives','Explore data on rural development projects and initiatives. Includes funding sources, project outcomes, and community impact., agriculture, rural development, initiatives, funding sources, project outcomes, community impact','Dummy Data','rural,development,initiatives','Tabular','CSV','Secondary',NULL,'CSV','Dummydata Import: Rural Development Initiatives','Demo User','Imported dummydata row 40',1,'published','public','1.0',2,'2026-07-15 03:24:17',NULL,NULL,'2026-07-15 03:17:46','2026-07-15 03:24:17'),(44,'Student Performance Records','Analyze student performance data with this comprehensive dataset. It includes information on student demographics, test scores, and attendance records, making it valuable for educational research and policy analysis., education, student performance, demographics, test scores, attendance records, research, policy analysis','Dummy Data','student,performance,records','Tabular','CSV','Secondary',NULL,'CSV','Dummydata Import: Student Performance Records','Demo User','Imported dummydata row 41',1,'published','public','1.0',2,'2026-07-15 03:24:17',NULL,NULL,'2026-07-15 03:17:46','2026-07-15 03:24:17'),(45,'Teacher Evaluation Data','Evaluate teacher performance and classroom outcomes with this dataset. It contains teacher evaluations, student feedback, and academic achievement metrics., education, teacher evaluation, classroom outcomes, evaluations, student feedback, academic achievement','Dummy Data','teacher,evaluation,data','Tabular','CSV','Secondary',NULL,'CSV','Dummydata Import: Teacher Evaluation Data','Demo User','Imported dummydata row 42',1,'published','public','1.0',2,'2026-07-15 03:24:17',NULL,NULL,'2026-07-15 03:17:46','2026-07-15 03:24:17'),(46,'Education Funding Trends','Track trends in education funding over the past decade. This dataset includes data on budget allocations, grants, and expenditure patterns in educational institutions., education, funding trends, budget allocations, grants, expenditure patterns, educational institutions','Dummy Data','education,funding,trends','Tabular','CSV','Secondary',NULL,'CSV','Dummydata Import: Education Funding Trends','Demo User','Imported dummydata row 43',1,'published','public','1.0',2,'2026-07-15 03:24:17',NULL,NULL,'2026-07-15 03:17:46','2026-07-15 03:24:17'),(47,'Online Learning Resources','Access a collection of online learning resources for various subjects. This dataset includes links to educational websites, videos, and course materials., education, online learning, resources, subjects, educational websites, videos, course materials','Dummy Data','online,learning,resources','Tabular','CSV','Secondary',NULL,'CSV','Dummydata Import: Online Learning Resources','Demo User','Imported dummydata row 44',1,'published','public','1.0',2,'2026-07-15 03:24:17',NULL,NULL,'2026-07-15 03:17:46','2026-07-15 03:24:17'),(48,'School District Demographics','Explore demographics data for different school districts. It includes information on student populations, ethnic diversity, and socioeconomic status., education, school districts, demographics, student populations, ethnic diversity, socioeconomic status','Dummy Data','school,district,demographics','Tabular','CSV','Secondary',NULL,'CSV','Dummydata Import: School District Demographics','Demo User','Imported dummydata row 45',1,'published','public','1.0',2,'2026-07-15 03:24:17',NULL,NULL,'2026-07-15 03:17:46','2026-07-15 03:24:17'),(49,'Educational Assessment Scores','Analyze educational assessment scores for standardized tests. This dataset covers test types, score distributions, and performance trends., education, assessment scores, standardized tests, test types, score distributions, performance trends','Dummy Data','educational,assessment,scores','Tabular','CSV','Secondary',NULL,'CSV','Dummydata Import: Educational Assessment Scores','Demo User','Imported dummydata row 46',1,'published','public','1.0',2,'2026-07-15 03:24:17',NULL,NULL,'2026-07-15 03:17:46','2026-07-15 03:24:17'),(50,'Educational Technology Usage','Study the usage of technology in education. This dataset includes information on e-learning platforms, digital resources, and technology adoption in schools., education, technology usage, e-learning platforms, digital resources, technology adoption, schools','Dummy Data','educational,technology,usage','Tabular','CSV','Secondary',NULL,'CSV','Dummydata Import: Educational Technology Usage','Demo User','Imported dummydata row 47',1,'published','public','1.0',2,'2026-07-15 03:24:17',NULL,NULL,'2026-07-15 03:17:46','2026-07-15 03:24:17'),(51,'Higher Education Enrollment','Examine enrollment data for higher education institutions. It covers enrollment numbers, majors, and graduation rates., education, higher education, enrollment data, enrollment numbers, majors, graduation rates','Dummy Data','higher,education,enrollment','Tabular','CSV','Secondary',NULL,'CSV','Dummydata Import: Higher Education Enrollment','Demo User','Imported dummydata row 48',1,'published','public','1.0',2,'2026-07-15 03:24:17',NULL,NULL,'2026-07-15 03:17:46','2026-07-15 03:24:17'),(52,'Education Policy Documents','Access policy documents related to education. This dataset includes education laws, regulations, and government reports., education, policy documents, education laws, regulations, government reports','Dummy Data','education,policy,documents','Tabular','CSV','Secondary',NULL,'CSV','Dummydata Import: Education Policy Documents','Demo User','Imported dummydata row 49',1,'published','public','1.0',2,'2026-07-15 03:24:17',NULL,NULL,'2026-07-15 03:17:46','2026-07-15 03:24:17'),(53,'Educational Research Papers','Access a collection of educational research papers for academic study. Includes topics on pedagogy, curriculum development, and educational psychology., education, research papers, academic study, pedagogy, curriculum development, educational psychology','Dummy Data','educational,research,papers','Tabular','CSV','Secondary',NULL,'CSV','Dummydata Import: Educational Research Papers','Demo User','Imported dummydata row 50',1,'published','public','1.0',2,'2026-07-15 03:24:17',NULL,NULL,'2026-07-15 03:17:46','2026-07-15 03:24:17'),(54,'Special Education Programs','Explore data on special education programs in schools. It includes information on program types, student accommodations, and effectiveness measures., education, special education, programs, program types, student accommodations, effectiveness measures','Dummy Data','special,education,programs','Tabular','CSV','Secondary',NULL,'CSV','Dummydata Import: Special Education Programs','Demo User','Imported dummydata row 51',1,'published','public','1.0',2,'2026-07-15 03:24:17',NULL,NULL,'2026-07-15 03:17:46','2026-07-15 03:24:17'),(55,'Library Resources Inventory','Manage library resources with this dataset. It includes book titles, authors, publication dates, and availability status., education, library resources, inventory, book titles, authors, publication dates, availability status','Dummy Data','library,resources,inventory','Tabular','CSV','Secondary',NULL,'CSV','Dummydata Import: Library Resources Inventory','Demo User','Imported dummydata row 52',1,'published','public','1.0',2,'2026-07-15 03:24:17',NULL,NULL,'2026-07-15 03:17:46','2026-07-15 03:24:17'),(56,'Early Childhood Education','Access data on early childhood education programs and initiatives. Includes preschool enrollment, curriculum details, and program outcomes., education, early childhood education, programs, preschool enrollment, curriculum details, program outcomes','Dummy Data','early,childhood,education','Tabular','CSV','Secondary',NULL,'CSV','Dummydata Import: Early Childhood Education','Demo User','Imported dummydata row 53',1,'published','public','1.0',2,'2026-07-15 03:24:17',NULL,NULL,'2026-07-15 03:17:46','2026-07-15 03:24:17'),(57,'Language Learning Materials','Discover language learning materials for various languages. This dataset includes language courses, audio resources, and language proficiency assessments., education, language learning, materials, languages, language courses, audio resources, proficiency assessments','Dummy Data','language,learning,materials','Tabular','CSV','Secondary',NULL,'CSV','Dummydata Import: Language Learning Materials','Demo User','Imported dummydata row 54',1,'published','public','1.0',2,'2026-07-15 03:24:17',NULL,NULL,'2026-07-15 03:17:46','2026-07-15 03:24:17'),(58,'Educational Grants Database','Explore a database of educational grants and scholarships. It includes grant types, eligibility criteria, and application deadlines., education, grants database, educational grants, scholarships, grant types, eligibility criteria, application deadlines','Dummy Data','educational,grants,database','Tabular','CSV','Secondary',NULL,'CSV','Dummydata Import: Educational Grants Database','Demo User','Imported dummydata row 55',1,'published','public','1.0',2,'2026-07-15 03:24:17',NULL,NULL,'2026-07-15 03:17:46','2026-07-15 03:24:17'),(59,'School Safety Incidents','Analyze school safety incident data. This dataset covers incidents like bullying, vandalism, and disciplinary actions., education, school safety, incidents, bullying, vandalism, disciplinary actions','Dummy Data','school,safety,incidents','Tabular','CSV','Secondary',NULL,'CSV','Dummydata Import: School Safety Incidents','Demo User','Imported dummydata row 56',1,'published','public','1.0',2,'2026-07-15 03:24:17',NULL,NULL,'2026-07-15 03:17:46','2026-07-15 03:24:17'),(60,'Digital Learning Platforms','Evaluate digital learning platforms used in schools. This dataset includes platform features, user reviews, and adoption rates., education, digital learning, platforms, features, user reviews, adoption rates, schools','Dummy Data','digital,learning,platforms','Tabular','CSV','Secondary',NULL,'CSV','Dummydata Import: Digital Learning Platforms','Demo User','Imported dummydata row 57',1,'published','public','1.0',2,'2026-07-15 03:24:17',NULL,NULL,'2026-07-15 03:17:46','2026-07-15 03:24:17'),(61,'Teacher Professional Development','Access data on teacher professional development programs. It includes workshop details, training topics, and participant feedback., education, teacher development, programs, workshop details, training topics, participant feedback','Dummy Data','teacher,professional,development','Tabular','CSV','Secondary',NULL,'CSV','Dummydata Import: Teacher Professional Development','Demo User','Imported dummydata row 58',1,'published','public','1.0',2,'2026-07-15 03:24:17',NULL,NULL,'2026-07-15 03:17:46','2026-07-15 03:24:17'),(62,'Education Accessibility Metrics','Evaluate accessibility metrics in education. This dataset covers physical accessibility, online accessibility, and accommodations for students with disabilities., education, accessibility metrics, physical accessibility, online accessibility, accommodations, students with disabilities','Dummy Data','education,accessibility,metrics','Tabular','CSV','Secondary',NULL,'CSV','Dummydata Import: Education Accessibility Metrics','Demo User','Imported dummydata row 59',1,'published','public','1.0',2,'2026-07-15 03:24:17',NULL,NULL,'2026-07-15 03:17:46','2026-07-15 03:24:17'),(63,'Movie Ratings Dataset','Analyze movie ratings and reviews with this extensive dataset. It includes data on movie titles, user ratings, and reviews, making it a valuable resource for movie recommendation systems and film industry analysis., entertainment, movies, ratings, reviews, recommendation systems, film industry','Dummy Data','movie,ratings,dataset','Tabular','CSV','Secondary',NULL,'CSV','Dummydata Import: Movie Ratings Dataset','Demo User','Imported dummydata row 60',1,'published','public','1.0',2,'2026-07-15 03:24:17',NULL,NULL,'2026-07-15 03:17:46','2026-07-15 03:24:17'),(64,'Music Streaming Trends','Explore trends in music streaming with this dataset. It covers music genres, artist popularity, and user listening habits, ideal for music industry research and playlist generation., entertainment, music streaming, trends, genres, artist popularity, listening habits, research, playlists','Dummy Data','music,streaming,trends','Tabular','CSV','Secondary',NULL,'CSV','Dummydata Import: Music Streaming Trends','Demo User','Imported dummydata row 61',1,'published','public','1.0',2,'2026-07-15 03:24:17',NULL,NULL,'2026-07-15 03:17:46','2026-07-15 03:24:17'),(65,'TV Show Episode Data','Access data on TV show episodes and seasons. This dataset includes episode titles, air dates, and viewer ratings, great for TV show analysis and binge-watching recommendations., entertainment, TV shows, episodes, seasons, air dates, viewer ratings, analysis, binge-watching','Dummy Data','tv,show,episode,data','Tabular','CSV','Secondary',NULL,'CSV','Dummydata Import: TV Show Episode Data','Demo User','Imported dummydata row 62',1,'published','public','1.0',2,'2026-07-15 03:24:17',NULL,NULL,'2026-07-15 03:17:46','2026-07-15 03:24:17'),(66,'Video Game Sales Records','Analyze video game sales data from different platforms. This dataset covers game titles, sales figures, and release dates, useful for the gaming industry and market analysis., entertainment, video games, sales records, platforms, sales figures, release dates, industry, market analysis','Dummy Data','video,game,sales,records','Tabular','CSV','Secondary',NULL,'CSV','Dummydata Import: Video Game Sales Records','Demo User','Imported dummydata row 63',1,'published','public','1.0',2,'2026-07-15 03:24:17',NULL,NULL,'2026-07-15 03:17:46','2026-07-15 03:24:17'),(67,'Celebrity Social Media Posts','Monitor social media posts from celebrities. This dataset includes posts from various platforms, engagement metrics, and celebrity profiles, perfect for celebrity fan analysis., entertainment, celebrities, social media, posts, engagement metrics, fan analysis, profiles','Dummy Data','celebrity,social,media,posts','Tabular','CSV','Secondary',NULL,'CSV','Dummydata Import: Celebrity Social Media Posts','Demo User','Imported dummydata row 64',1,'published','public','1.0',2,'2026-07-15 03:24:17',NULL,NULL,'2026-07-15 03:17:46','2026-07-15 03:24:17'),(68,'Movie Box Office Revenue','Track box office revenue for popular movies. This dataset includes revenue figures, release dates, and genres, useful for box office analysis and movie industry trends., entertainment, movies, box office revenue, revenue figures, release dates, genres, analysis, industry trends','Dummy Data','movie,box,office,revenue','Tabular','CSV','Secondary',NULL,'CSV','Dummydata Import: Movie Box Office Revenue','Demo User','Imported dummydata row 65',1,'published','public','1.0',2,'2026-07-15 03:24:17',NULL,NULL,'2026-07-15 03:17:46','2026-07-15 03:24:17'),(69,'Concert Ticket Sales Data','Examine concert ticket sales records. This dataset covers concert dates, ticket prices, and venue details, ideal for event planning and music industry insights., entertainment, concerts, ticket sales, records, concert dates, ticket prices, venue details, event planning, industry insights','Dummy Data','concert,ticket,sales,data','Tabular','CSV','Secondary',NULL,'CSV','Dummydata Import: Concert Ticket Sales Data','Demo User','Imported dummydata row 66',1,'published','public','1.0',2,'2026-07-15 03:24:17',NULL,NULL,'2026-07-15 03:17:46','2026-07-15 03:24:17'),(70,'Video Game Player Statistics','Analyze player statistics in online video games. This dataset includes player IDs, game performance metrics, and in-game achievements., entertainment, video games, player statistics, player IDs, performance metrics, in-game achievements','Dummy Data','video,game,player,statistics','Tabular','CSV','Secondary',NULL,'CSV','Dummydata Import: Video Game Player Statistics','Demo User','Imported dummydata row 67',1,'published','public','1.0',2,'2026-07-15 03:24:17',NULL,NULL,'2026-07-15 03:17:46','2026-07-15 03:24:17'),(71,'Movie Soundtrack Scores','Access scores and soundtracks from movies. This dataset covers composer information, soundtrack titles, and release years, valuable for music enthusiasts and film score analysis., entertainment, movies, soundtracks, scores, composer information, soundtrack titles, release years, music enthusiasts, film score analysis','Dummy Data','movie,soundtrack,scores','Tabular','CSV','Secondary',NULL,'CSV','Dummydata Import: Movie Soundtrack Scores','Demo User','Imported dummydata row 68',1,'published','public','1.0',2,'2026-07-15 03:24:17',NULL,NULL,'2026-07-15 03:17:46','2026-07-15 03:24:17'),(72,'Reality TV Show Contestants','Explore data on reality TV show contestants. This dataset includes contestant profiles, show details, and elimination outcomes., entertainment, reality TV, contestants, profiles, show details, elimination outcomes','Dummy Data','reality,tv,show,contestants','Tabular','CSV','Secondary',NULL,'CSV','Dummydata Import: Reality TV Show Contestants','Demo User','Imported dummydata row 69',1,'published','public','1.0',2,'2026-07-15 03:24:17',NULL,NULL,'2026-07-15 03:17:46','2026-07-15 03:24:17'),(73,'Streaming Platform Catalog','Access a catalog of movies and TV shows available on streaming platforms. This dataset includes titles, genres, and streaming platform information., entertainment, streaming platforms, catalog, titles, genres, platform information','Dummy Data','streaming,platform,catalog','Tabular','CSV','Secondary',NULL,'CSV','Dummydata Import: Streaming Platform Catalog','Demo User','Imported dummydata row 70',1,'published','public','1.0',2,'2026-07-15 03:24:17',NULL,NULL,'2026-07-15 03:17:46','2026-07-15 03:24:17'),(74,'Video Game Reviews','Read and analyze video game reviews. This dataset includes game titles, user reviews, and review scores., entertainment, video games, reviews, game titles, user reviews, review scores','Dummy Data','video,game,reviews','Tabular','CSV','Secondary',NULL,'CSV','Dummydata Import: Video Game Reviews','Demo User','Imported dummydata row 71',1,'published','public','1.0',2,'2026-07-15 03:24:17',NULL,NULL,'2026-07-15 03:17:46','2026-07-15 03:24:17'),(75,'Movie Awards Data','Track movie awards and nominations. This dataset covers award categories, nominees, and award ceremony details., entertainment, movies, awards data, award categories, nominees, ceremony details','Dummy Data','movie,awards,data','Tabular','CSV','Secondary',NULL,'CSV','Dummydata Import: Movie Awards Data','Demo User','Imported dummydata row 72',1,'published','public','1.0',2,'2026-07-15 03:24:17',NULL,NULL,'2026-07-15 03:17:46','2026-07-15 03:24:17'),(76,'TV Show Script Texts','Access scripts from popular TV shows. This dataset includes episode scripts, character dialogues, and plot summaries., entertainment, TV shows, scripts, episode scripts, character dialogues, plot summaries','Dummy Data','tv,show,script,texts','Tabular','CSV','Secondary',NULL,'CSV','Dummydata Import: TV Show Script Texts','Demo User','Imported dummydata row 73',1,'published','public','1.0',2,'2026-07-15 03:24:17',NULL,NULL,'2026-07-15 03:17:46','2026-07-15 03:24:17'),(77,'Music Artist Discography','Explore music artist discographies. This dataset covers albums, singles, and release dates for various artists and bands., entertainment, music artists, discography, albums, singles, release dates, artists, bands','Dummy Data','music,artist,discography','Tabular','CSV','Secondary',NULL,'CSV','Dummydata Import: Music Artist Discography','Demo User','Imported dummydata row 74',1,'published','public','1.0',2,'2026-07-15 03:24:17',NULL,NULL,'2026-07-15 03:17:46','2026-07-15 03:24:17'),(78,'Celebrity News Articles','Read celebrity news articles and headlines. This dataset includes articles from entertainment news sources and celebrity profiles., entertainment, celebrities, news articles, headlines, news sources, profiles','Dummy Data','celebrity,news,articles','Tabular','CSV','Secondary',NULL,'CSV','Dummydata Import: Celebrity News Articles','Demo User','Imported dummydata row 75',1,'published','public','1.0',2,'2026-07-15 03:24:17',NULL,NULL,'2026-07-15 03:17:46','2026-07-15 03:24:17'),(79,'Video Game Genres Database','Categorize video games by genre. This dataset includes genre labels and game titles, perfect for gaming enthusiasts and genre analysis., entertainment, video games, genres database, categorization, genre labels, game titles, enthusiasts, analysis','Dummy Data','video,game,genres,database','Tabular','CSV','Secondary',NULL,'CSV','Dummydata Import: Video Game Genres Database','Demo User','Imported dummydata row 76',1,'published','public','1.0',2,'2026-07-15 03:24:17',NULL,NULL,'2026-07-15 03:17:46','2026-07-15 03:24:17'),(80,'Movie Poster Images','Access a collection of movie poster images. This dataset includes poster URLs and movie titles., entertainment, movies, poster images, URLs, movie titles','Dummy Data','movie,poster,images','Tabular','CSV','Secondary',NULL,'CSV','Dummydata Import: Movie Poster Images','Demo User','Imported dummydata row 77',1,'published','public','1.0',2,'2026-07-15 03:24:17',NULL,NULL,'2026-07-15 03:17:46','2026-07-15 03:24:17'),(81,'TV Show Viewer Ratings','Analyze viewer ratings for TV shows. This dataset includes ratings data, show names, and viewer demographics., entertainment, TV shows, viewer ratings, ratings data, show names, viewer demographics','Dummy Data','tv,show,viewer,ratings','Tabular','CSV','Secondary',NULL,'CSV','Dummydata Import: TV Show Viewer Ratings','Demo User','Imported dummydata row 78',1,'published','public','1.0',2,'2026-07-15 03:24:17',NULL,NULL,'2026-07-15 03:17:46','2026-07-15 03:24:17'),(82,'Traffic Accident Data 2023','Analyze traffic accident data for the year 2023 with this comprehensive dataset. It includes information on accident locations, severity, and contributing factors, valuable for traffic safety research and urban planning., transportation, traffic accidents, data analysis, accident locations, severity, contributing factors, safety research, urban planning','Dummy Data','traffic,accident,data,2023','Tabular','CSV','Secondary',NULL,'CSV','Dummydata Import: Traffic Accident Data 2023','Demo User','Imported dummydata row 79',1,'published','public','1.0',2,'2026-07-15 03:24:17',NULL,NULL,'2026-07-15 03:17:46','2026-07-15 03:24:17'),(83,'Public Transit Ridership','Study public transit ridership patterns with this dataset. It covers passenger counts, routes, and service frequency, ideal for public transportation planning and optimization., transportation, public transit, ridership patterns, passenger counts, routes, service frequency, planning, optimization','Dummy Data','public,transit,ridership','Tabular','CSV','Secondary',NULL,'CSV','Dummydata Import: Public Transit Ridership','Demo User','Imported dummydata row 80',1,'published','public','1.0',2,'2026-07-15 03:24:17',NULL,NULL,'2026-07-15 03:17:46','2026-07-15 03:24:17'),(84,'Vehicle Fuel Efficiency','Evaluate vehicle fuel efficiency with this dataset. It contains data on fuel consumption, vehicle types, and emissions, useful for environmental impact analysis and automotive research., transportation, fuel efficiency, fuel consumption, vehicle types, emissions, environmental impact analysis, automotive research','Dummy Data','vehicle,fuel,efficiency','Tabular','CSV','Secondary',NULL,'CSV','Dummydata Import: Vehicle Fuel Efficiency','Demo User','Imported dummydata row 81',1,'published','public','1.0',2,'2026-07-15 03:24:17',NULL,NULL,'2026-07-15 03:17:46','2026-07-15 03:24:17'),(85,'Airline Flight Delays','Analyze airline flight delay data. This dataset includes flight details, departure/arrival times, and delay durations, essential for aviation industry analysis and passenger information., transportation, airline flights, delays, flight details, departure times, arrival times, aviation industry, passenger information','Dummy Data','airline,flight,delays','Tabular','CSV','Secondary',NULL,'CSV','Dummydata Import: Airline Flight Delays','Demo User','Imported dummydata row 82',1,'published','public','1.0',2,'2026-07-15 03:24:17',NULL,NULL,'2026-07-15 03:17:46','2026-07-15 03:24:17'),(86,'Road Network Infrastructure','Access data on road network infrastructure. It includes road types, maintenance schedules, and construction projects, vital for infrastructure planning and maintenance., transportation, road network, infrastructure, road types, maintenance schedules, construction projects, planning, maintenance','Dummy Data','road,network,infrastructure','Tabular','CSV','Secondary',NULL,'CSV','Dummydata Import: Road Network Infrastructure','Demo User','Imported dummydata row 83',1,'published','public','1.0',2,'2026-07-15 03:24:17',NULL,NULL,'2026-07-15 03:17:46','2026-07-15 03:24:17'),(87,'Shipping Container Tracking','Track shipping container movements with this dataset. It covers container IDs, shipment routes, and delivery statuses, valuable for logistics and supply chain management., transportation, shipping containers, tracking, container IDs, shipment routes, delivery statuses, logistics, supply chain management','Dummy Data','shipping,container,tracking','Tabular','CSV','Secondary',NULL,'CSV','Dummydata Import: Shipping Container Tracking','Demo User','Imported dummydata row 84',1,'published','public','1.0',2,'2026-07-15 03:24:17',NULL,NULL,'2026-07-15 03:17:46','2026-07-15 03:24:17'),(88,'Traffic Camera Feeds','Access live traffic camera feeds from various locations. This dataset includes camera URLs and geographical coordinates, ideal for real-time traffic monitoring and analysis., transportation, traffic cameras, feeds, URLs, geographical coordinates, monitoring, analysis','Dummy Data','traffic,camera,feeds','Tabular','CSV','Secondary',NULL,'CSV','Dummydata Import: Traffic Camera Feeds','Demo User','Imported dummydata row 85',1,'published','public','1.0',2,'2026-07-15 03:24:17',NULL,NULL,'2026-07-15 03:17:46','2026-07-15 03:24:17'),(89,'Railway Timetables','Access railway timetables and schedules. This dataset covers train routes, departure/arrival times, and station information, essential for commuter planning and railway system optimization., transportation, railways, timetables, schedules, train routes, departure times, arrival times, station information, commuter planning, optimization','Dummy Data','railway,timetables','Tabular','CSV','Secondary',NULL,'CSV','Dummydata Import: Railway Timetables','Demo User','Imported dummydata row 86',1,'published','public','1.0',2,'2026-07-15 03:24:17',NULL,NULL,'2026-07-15 03:17:46','2026-07-15 03:24:17'),(90,'Port Traffic Statistics','Analyze statistics on port traffic and shipping activities. This dataset includes cargo volumes, vessel types, and port facilities data, valuable for maritime industry insights and port management., transportation, ports, traffic statistics, shipping activities, cargo volumes, vessel types, facilities data, maritime industry, port management','Dummy Data','port,traffic,statistics','Tabular','CSV','Secondary',NULL,'CSV','Dummydata Import: Port Traffic Statistics','Demo User','Imported dummydata row 87',1,'published','public','1.0',2,'2026-07-15 03:24:17',NULL,NULL,'2026-07-15 03:17:46','2026-07-15 03:24:17'),(91,'Urban Bike Sharing Data','Study urban bike sharing programs with this dataset. It covers bike stations, usage patterns, and ride durations, great for city planning and sustainable transportation research., transportation, urban bike sharing, bike stations, usage patterns, ride durations, city planning, sustainable transportation, research','Dummy Data','urban,bike,sharing,data','Tabular','CSV','Secondary',NULL,'CSV','Dummydata Import: Urban Bike Sharing Data','Demo User','Imported dummydata row 88',1,'published','public','1.0',2,'2026-07-15 03:24:17',NULL,NULL,'2026-07-15 03:17:46','2026-07-15 03:24:17'),(92,'Aviation Safety Reports','Access aviation safety incident reports. This dataset includes incident details, investigation outcomes, and safety recommendations, crucial for aviation safety research and policy development., transportation, aviation safety, incident reports, incident details, investigation outcomes, safety recommendations, safety research, policy development','Dummy Data','aviation,safety,reports','Tabular','CSV','Secondary',NULL,'CSV','Dummydata Import: Aviation Safety Reports','Demo User','Imported dummydata row 89',1,'published','public','1.0',2,'2026-07-15 03:24:17',NULL,NULL,'2026-07-15 03:17:46','2026-07-15 03:24:17'),(93,'Public Transportation Fares','Examine public transportation fare data. This dataset covers fare types, pricing structures, and fare collection methods, important for fare policy analysis and public transportation budgeting., transportation, public transportation, fares, fare data, fare types, pricing structures, fare collection methods, policy analysis, budgeting','Dummy Data','public,transportation,fares','Tabular','CSV','Secondary',NULL,'CSV','Dummydata Import: Public Transportation Fares','Demo User','Imported dummydata row 90',1,'published','public','1.0',2,'2026-07-15 03:24:17',NULL,NULL,'2026-07-15 03:17:46','2026-07-15 03:24:17'),(94,'Car Rental Records','Manage car rental records with this dataset. It includes rental dates, vehicle models, and rental locations, suitable for rental business analysis and inventory tracking., transportation, car rentals, records, rental dates, vehicle models, rental locations, business analysis, inventory tracking','Dummy Data','car,rental,records','Tabular','CSV','Secondary',NULL,'CSV','Dummydata Import: Car Rental Records','Demo User','Imported dummydata row 91',1,'published','public','1.0',2,'2026-07-15 03:24:17',NULL,NULL,'2026-07-15 03:17:46','2026-07-15 03:24:17'),(95,'Air Quality Monitoring','Monitor air quality near transportation hubs. This dataset includes air quality indexes, pollutant concentrations, and monitoring station locations, crucial for environmental impact assessments and public health studies., transportation, air quality, monitoring, air quality indexes, pollutant concentrations, monitoring stations, environmental impact assessments, public health studies','Dummy Data','air,quality,monitoring','Tabular','CSV','Secondary',NULL,'CSV','Dummydata Import: Air Quality Monitoring','Demo User','Imported dummydata row 92',1,'published','public','1.0',2,'2026-07-15 03:24:17',NULL,NULL,'2026-07-15 03:17:46','2026-07-15 03:24:17'),(96,'Traffic Signal Timing','Access data on traffic signal timings. This dataset covers signal cycles, intersection types, and synchronization plans, important for traffic flow optimization and congestion management., transportation, traffic signals, timing, signal cycles, intersection types, synchronization plans, traffic flow optimization, congestion management','Dummy Data','traffic,signal,timing','Tabular','CSV','Secondary',NULL,'CSV','Dummydata Import: Traffic Signal Timing','Demo User','Imported dummydata row 93',1,'published','public','1.0',2,'2026-07-15 03:24:17',NULL,NULL,'2026-07-15 03:17:46','2026-07-15 03:24:17'),(97,'Maritime Weather Data','Access maritime weather data for shipping routes. This dataset includes weather conditions, sea states, and route forecasts, valuable for maritime navigation and safety., transportation, maritime weather, weather data, shipping routes, weather conditions, sea states, route forecasts, maritime navigation, safety','Dummy Data','maritime,weather,data','Tabular','CSV','Secondary',NULL,'CSV','Dummydata Import: Maritime Weather Data','Demo User','Imported dummydata row 94',1,'published','public','1.0',2,'2026-07-15 03:24:17',NULL,NULL,'2026-07-15 03:17:46','2026-07-15 03:24:17'),(98,'Electric Vehicle Charging Stations','Locate electric vehicle charging stations. This dataset includes station names, addresses, and charging rates, ideal for electric vehicle users and infrastructure planning., transportation, electric vehicles, charging stations, station names, addresses, charging rates, users, infrastructure planning','Dummy Data','electric,vehicle,charging,stations','Tabular','CSV','Secondary',NULL,'CSV','Dummydata Import: Electric Vehicle Charging Stations','Demo User','Imported dummydata row 95',1,'published','public','1.0',2,'2026-07-15 03:24:17',NULL,NULL,'2026-07-15 03:17:46','2026-07-15 03:24:17'),(99,'Airport Facilities Inventory','Manage airport facilities with this dataset. It includes information on terminals, runways, and amenities, essential for airport management and expansion planning., transportation, airports, facilities inventory, terminals, runways, amenities, airport management, expansion planning','Dummy Data','airport,facilities,inventory','Tabular','CSV','Secondary',NULL,'CSV','Dummydata Import: Airport Facilities Inventory','Demo User','Imported dummydata row 96',1,'published','public','1.0',2,'2026-07-15 03:24:17',NULL,NULL,'2026-07-15 03:17:46','2026-07-15 03:24:17'),(100,'High-Speed Train Schedules','Access high-speed train schedules and routes. This dataset covers departure/arrival times, ticket prices, and station details, valuable for high-speed rail travelers and transportation planning., transportation, high-speed trains, schedules, routes, departure times, arrival times, ticket prices, station details, travelers, planning','Dummy Data','high,speed,train,schedules','Tabular','CSV','Secondary',NULL,'CSV','Dummydata Import: High-Speed Train Schedules','Demo User','Imported dummydata row 97',1,'published','public','1.0',2,'2026-07-15 03:24:17',NULL,NULL,'2026-07-15 03:17:46','2026-07-15 03:24:17'),(101,'Banana Leaf Anatomy','Explore the anatomy of banana leaves with this dataset. It includes detailed images and information about leaf structure, veins, and adaptations, perfect for botanical research and educational purposes., leaves, banana leaf, anatomy, structure, veins, adaptations, botanical research, education','Dummy Data','banana,leaf,anatomy','Tabular','CSV','Secondary',NULL,'CSV','Dummydata Import: Banana Leaf Anatomy','Demo User','Imported dummydata row 98',1,'published','public','1.0',2,'2026-07-15 03:24:17',NULL,NULL,'2026-07-15 03:17:46','2026-07-15 03:24:17'),(102,'Corn Leaf Disease Detection','Detect diseases in corn leaves using this dataset. It contains images of healthy and diseased corn leaves, making it a valuable resource for agricultural disease diagnosis and crop protection., leaves, corn leaf, disease detection, images, healthy leaves, diseased leaves, agricultural diagnosis, crop protection','Dummy Data','corn,leaf,disease,detection','Tabular','CSV','Secondary',NULL,'CSV','Dummydata Import: Corn Leaf Disease Detection','Demo User','Imported dummydata row 99',1,'published','public','1.0',2,'2026-07-15 03:24:17',NULL,NULL,'2026-07-15 03:17:46','2026-07-15 03:24:17'),(103,'Palm Leaf Patterns','Study the patterns and textures of palm leaves with this dataset. It includes high-resolution images showcasing the intricate designs found in palm leaves, suitable for art and design inspiration., leaves, palm leaf, patterns, textures, images, intricate designs, art, design inspiration','Dummy Data','palm,leaf,patterns','Tabular','CSV','Secondary',NULL,'CSV','Dummydata Import: Palm Leaf Patterns','Demo User','Imported dummydata row 100',1,'published','public','1.0',2,'2026-07-15 03:24:17',NULL,NULL,'2026-07-15 03:17:46','2026-07-15 03:24:17'),(104,'Maple Leaf Classification','Classify different species of maple leaves using this dataset. It includes leaf images from various maple tree species, facilitating species identification and ecological studies., leaves, maple leaf, classification, species, leaf images, species identification, ecological studies','Dummy Data','maple,leaf,classification','Tabular','CSV','Secondary',NULL,'CSV','Dummydata Import: Maple Leaf Classification','Demo User','Imported dummydata row 101',1,'published','public','1.0',2,'2026-07-15 03:24:17',NULL,NULL,'2026-07-15 03:17:46','2026-07-15 03:24:17'),(105,'Autumn Leaves Photography','Enjoy a collection of autumn leaves photography. This dataset features vibrant images of colorful autumn leaves, perfect for seasonal aesthetics and photography enthusiasts., leaves, autumn leaves, photography, images, colorful leaves, seasonal aesthetics, photography enthusiasts','Dummy Data','autumn,leaves,photography','Tabular','CSV','Secondary',NULL,'CSV','Dummydata Import: Autumn Leaves Photography','Demo User','Imported dummydata row 102',1,'published','public','1.0',2,'2026-07-15 03:24:17',NULL,NULL,'2026-07-15 03:17:46','2026-07-15 03:24:17'),(106,'Oak Leaf Morphology','Explore the morphology of oak tree leaves with this dataset. It provides detailed information on oak leaf shapes, sizes, and surface features, valuable for botanical research and tree identification., leaves, oak leaf, morphology, shapes, sizes, surface features, botanical research, tree identification','Dummy Data','oak,leaf,morphology','Tabular','CSV','Secondary',NULL,'CSV','Dummydata Import: Oak Leaf Morphology','Demo User','Imported dummydata row 103',1,'published','public','1.0',2,'2026-07-15 03:24:17',NULL,NULL,'2026-07-15 03:17:46','2026-07-15 03:24:17'),(107,'Tropical Rainforest Leaves','Discover leaves from tropical rainforest plants. This dataset showcases diverse leaf shapes and colors found in the rainforest, ideal for ecological studies and biodiversity research., leaves, rainforest, tropical, leaves, shapes, colors, ecological studies, biodiversity research','Dummy Data','tropical,rainforest,leaves','Tabular','CSV','Secondary',NULL,'CSV','Dummydata Import: Tropical Rainforest Leaves','Demo User','Imported dummydata row 104',1,'published','public','1.0',2,'2026-07-15 03:24:17',NULL,NULL,'2026-07-15 03:17:46','2026-07-15 03:24:17'),(108,'Tea Leaf Quality Assessment','Assess the quality of tea leaves with this dataset. It includes images and grading information for tea leaves, useful for tea industry quality control and tea enthusiasts., leaves, tea leaf, quality assessment, images, grading information, industry quality control, tea enthusiasts','Dummy Data','tea,leaf,quality,assessment','Tabular','CSV','Secondary',NULL,'CSV','Dummydata Import: Tea Leaf Quality Assessment','Demo User','Imported dummydata row 105',1,'published','public','1.0',2,'2026-07-15 03:24:17',NULL,NULL,'2026-07-15 03:17:46','2026-07-15 03:24:17'),(109,'Eucalyptus Leaf Oils','Explore essential oils extracted from eucalyptus leaves. This dataset contains chemical composition data and extraction methods for eucalyptus leaf oils, valuable for aromatherapy and natural medicine research., leaves, eucalyptus leaf, oils, essential oils, chemical composition, extraction methods, aromatherapy, natural medicine research','Dummy Data','eucalyptus,leaf,oils','Tabular','CSV','Secondary',NULL,'CSV','Dummydata Import: Eucalyptus Leaf Oils','Demo User','Imported dummydata row 106',1,'published','public','1.0',2,'2026-07-15 03:24:17',NULL,NULL,'2026-07-15 03:17:46','2026-07-15 03:24:17'),(110,'Herbarium Leaf Specimens','Access a collection of preserved herbarium leaf specimens. This dataset includes images and metadata for various plant species, aiding in plant taxonomy and botanical studies., leaves, herbarium, specimens, preserved leaves, images, metadata, plant taxonomy, botanical studies','Dummy Data','herbarium,leaf,specimens','Tabular','CSV','Secondary',NULL,'CSV','Dummydata Import: Herbarium Leaf Specimens','Demo User','Imported dummydata row 107',1,'published','public','1.0',2,'2026-07-15 03:24:17',NULL,NULL,'2026-07-15 03:17:46','2026-07-15 03:24:17'),(111,'Fern Leaf Varieties','Discover different varieties of fern leaves with this dataset. It features images and descriptions of fern species, useful for fern enthusiasts and botanists., leaves, fern leaf, varieties, images, descriptions, fern species, enthusiasts, botanists','Dummy Data','fern,leaf,varieties','Tabular','CSV','Secondary',NULL,'CSV','Dummydata Import: Fern Leaf Varieties','Demo User','Imported dummydata row 108',1,'published','public','1.0',2,'2026-07-15 03:24:17',NULL,NULL,'2026-07-15 03:17:46','2026-07-15 03:24:17'),(112,'Cactus Leaf Adaptations','Explore the adaptations of cactus leaves to arid environments. This dataset provides information on cactus leaf morphology and water storage strategies, valuable for desert ecology research., leaves, cactus leaf, adaptations, arid environments, morphology, water storage strategies, desert ecology research','Dummy Data','cactus,leaf,adaptations','Tabular','CSV','Secondary',NULL,'CSV','Dummydata Import: Cactus Leaf Adaptations','Demo User','Imported dummydata row 109',1,'published','public','1.0',2,'2026-07-15 03:24:17',NULL,NULL,'2026-07-15 03:17:46','2026-07-15 03:24:17'),(113,'Ginkgo Leaf Fossils','Examine fossilized ginkgo leaves with this dataset. It includes images and geological information about ancient ginkgo leaf specimens, aiding in paleobotanical research and evolutionary studies., leaves, ginkgo leaf, fossils, images, geological information, ancient specimens, paleobotanical research, evolutionary studies','Dummy Data','ginkgo,leaf,fossils','Tabular','CSV','Secondary',NULL,'CSV','Dummydata Import: Ginkgo Leaf Fossils','Demo User','Imported dummydata row 110',1,'published','public','1.0',2,'2026-07-15 03:24:17',NULL,NULL,'2026-07-15 03:17:46','2026-07-15 03:24:17'),(114,'Lotus Leaf Hydrophobicity','Investigate the hydrophobic properties of lotus leaves with this dataset. It includes data on water-repellent features and microstructures found on lotus leaf surfaces, valuable for biomimicry and materials science., leaves, lotus leaf, hydrophobicity, water-repellent, microstructures, biomimicry, materials science','Dummy Data','lotus,leaf,hydrophobicity','Tabular','CSV','Secondary',NULL,'CSV','Dummydata Import: Lotus Leaf Hydrophobicity','Demo User','Imported dummydata row 111',1,'published','public','1.0',2,'2026-07-15 03:24:17',NULL,NULL,'2026-07-15 03:17:46','2026-07-15 03:24:17'),(115,'Bamboo Leaf Diversity','Explore the diversity of bamboo leaves with this dataset. It features images and taxonomic information about various bamboo species, aiding in bamboo identification and ecological research., leaves, bamboo leaf, diversity, images, taxonomic information, bamboo species, identification, ecological research','Dummy Data','bamboo,leaf,diversity','Tabular','CSV','Secondary',NULL,'CSV','Dummydata Import: Bamboo Leaf Diversity','Demo User','Imported dummydata row 112',1,'published','public','1.0',2,'2026-07-15 03:24:17',NULL,NULL,'2026-07-15 03:17:46','2026-07-15 03:24:17'),(116,'Cherry Blossom Leaves','Admire cherry blossom leaves in different stages of bloom. This dataset showcases the beauty of cherry blossom leaves during the spring season, perfect for floral enthusiasts and cultural studies., leaves, cherry blossom, leaves, bloom, images, spring season, floral enthusiasts, cultural studies','Dummy Data','cherry,blossom,leaves','Tabular','CSV','Secondary',NULL,'CSV','Dummydata Import: Cherry Blossom Leaves','Demo User','Imported dummydata row 113',1,'published','public','1.0',2,'2026-07-15 03:24:17',NULL,NULL,'2026-07-15 03:17:46','2026-07-15 03:24:17'),(117,'Rose Leaf Anatomy','Analyze the anatomy of rose leaves with this dataset. It provides detailed images and information about leaf structure, pigments, and adaptations, ideal for horticultural research and gardening enthusiasts., leaves, rose leaf, anatomy, structure, pigments, adaptations, horticultural research, gardening enthusiasts','Dummy Data','rose,leaf,anatomy','Tabular','CSV','Secondary',NULL,'CSV','Dummydata Import: Rose Leaf Anatomy','Demo User','Imported dummydata row 114',1,'published','public','1.0',2,'2026-07-15 03:24:17',NULL,NULL,'2026-07-15 03:17:46','2026-07-15 03:24:17'),(118,'Pine Needle Chemistry','Explore the chemistry of pine needles with this dataset. It includes chemical composition data and medicinal properties of pine needles, valuable for herbal medicine research and forest ecology., leaves, pine needle, chemistry, chemical composition, medicinal properties, herbal medicine research, forest ecology','Dummy Data','pine,needle,chemistry','Tabular','CSV','Secondary',NULL,'CSV','Dummydata Import: Pine Needle Chemistry','Demo User','Imported dummydata row 115',1,'published','public','1.0',2,'2026-07-15 03:24:17',NULL,NULL,'2026-07-15 03:17:46','2026-07-15 03:24:17'),(119,'Urban Tree Leaf Canopies','Study urban tree leaf canopies with this dataset. It includes aerial images of tree canopies in urban areas, useful for urban planning and green infrastructure development., leaves, urban trees, leaf canopies, aerial images, urban planning, green infrastructure development','Dummy Data','urban,tree,leaf,canopies','Tabular','CSV','Secondary',NULL,'CSV','Dummydata Import: Urban Tree Leaf Canopies','Demo User','Imported dummydata row 116',1,'published','public','1.0',2,'2026-07-15 03:24:17',NULL,NULL,'2026-07-15 03:17:46','2026-07-15 03:24:17'),(120,'Plant Growth Experiments','Study plant growth experiments and data. This dataset includes growth measurements, environmental conditions, and plant types, ideal for botany research and agricultural studies.\",\"plant growth, experiments, data, measurements, environmental conditions, plant types, botany research, agricultural studies','Dummy Data','plant,growth,experiments','Tabular','CSV','Secondary',NULL,'CSV','Dummydata Import: Plant Growth Experiments','Demo User','Imported dummydata row 117',1,'published','public','1.0',2,'2026-07-15 03:24:17',NULL,NULL,'2026-07-15 03:17:46','2026-07-15 03:24:17'),(121,'Language Translation Datasets','Explore language translation datasets. This dataset includes text translations, language pairs, and translation accuracy metrics, suitable for machine translation research and language learning.\",\"language translation, datasets, text translations, language pairs, accuracy metrics, machine translation, research, language learning','Dummy Data','language,translation,datasets','Tabular','CSV','Secondary',NULL,'CSV','Dummydata Import: Language Translation Datasets','Demo User','Imported dummydata row 118',1,'published','public','1.0',2,'2026-07-15 03:24:17',NULL,NULL,'2026-07-15 03:17:46','2026-07-15 03:24:17'),(122,'Climate Change Projections','Explore climate change projections and their impact on the environment. This dataset includes temperature data, carbon emissions, and climate models, valuable for climate research and policy development.\",\"climate change, projections, environment, temperature data, carbon emissions, climate models, research, policy development','Dummy Data','climate,change,projections','Tabular','CSV','Secondary',NULL,'CSV','Dummydata Import: Climate Change Projections','Demo User','Imported dummydata row 119',1,'published','public','1.0',2,'2026-07-15 03:24:17',NULL,NULL,'2026-07-15 03:17:46','2026-07-15 03:24:17'),(123,'Food Recipes Collection','Discover a collection of food recipes from various cuisines. This dataset covers recipes, ingredients, and preparation instructions, perfect for culinary enthusiasts and meal planning.\",\"food recipes, collection, cuisines, ingredients, preparation instructions, culinary enthusiasts, meal planning','Dummy Data','food,recipes,collection','Tabular','CSV','Secondary',NULL,'CSV','Dummydata Import: Food Recipes Collection','Demo User','Imported dummydata row 120',1,'published','public','1.0',2,'2026-07-15 03:24:17',NULL,NULL,'2026-07-15 03:17:46','2026-07-15 03:24:17');
/*!40000 ALTER TABLE `datasets` ENABLE KEYS */;
UNLOCK TABLES;

--
-- Table structure for table `migrations`
--

DROP TABLE IF EXISTS `migrations`;
/*!40101 SET @saved_cs_client     = @@character_set_client */;
/*!40101 SET character_set_client = utf8 */;
CREATE TABLE `migrations` (
  `id` bigint(20) unsigned NOT NULL AUTO_INCREMENT,
  `version` varchar(255) NOT NULL,
  `class` varchar(255) NOT NULL,
  `group` varchar(255) NOT NULL,
  `namespace` varchar(255) NOT NULL,
  `time` int(11) NOT NULL,
  `batch` int(11) unsigned NOT NULL,
  PRIMARY KEY (`id`)
) ENGINE=InnoDB AUTO_INCREMENT=14 DEFAULT CHARSET=utf8mb4 COLLATE=utf8mb4_general_ci;
/*!40101 SET character_set_client = @saved_cs_client */;

--
-- Dumping data for table `migrations`
--

LOCK TABLES `migrations` WRITE;
/*!40000 ALTER TABLE `migrations` DISABLE KEYS */;
INSERT INTO `migrations` VALUES (1,'2026-07-08-000001','App\\Database\\Migrations\\CreateUsers','default','App',1783555886,1),(2,'2026-07-08-000002','App\\Database\\Migrations\\CreateRoles','default','App',1783555886,1),(3,'2026-07-08-000003','App\\Database\\Migrations\\CreateUserRoles','default','App',1783555886,1),(4,'2026-07-08-000004','App\\Database\\Migrations\\CreateDatasets','default','App',1783555886,1),(5,'2026-07-08-000005','App\\Database\\Migrations\\CreateDatasetFiles','default','App',1783555886,1),(6,'2026-07-08-000006','App\\Database\\Migrations\\CreateDatasetVersions','default','App',1783555886,1),(7,'2026-07-08-000007','App\\Database\\Migrations\\CreateDatasetDownloads','default','App',1783555886,1),(8,'2026-07-08-000008','App\\Database\\Migrations\\CreateDatasetViews','default','App',1783555886,1),(9,'2026-07-08-000009','App\\Database\\Migrations\\CreateAuditLogs','default','App',1783555886,1),(10,'2026-07-08-000010','App\\Database\\Migrations\\CreatePasswordResets','default','App',1783932177,2),(11,'2026-07-13-000011','App\\Database\\Migrations\\AddModerationWorkflow','default','App',1783932177,2),(12,'2026-07-13-000012','App\\Database\\Migrations\\CreateReviews','default','App',1783932177,2),(13,'2026-07-13-000013','App\\Database\\Migrations\\CreateNotifications','default','App',1783932177,2);
/*!40000 ALTER TABLE `migrations` ENABLE KEYS */;
UNLOCK TABLES;

--
-- Table structure for table `notifications`
--

DROP TABLE IF EXISTS `notifications`;
/*!40101 SET @saved_cs_client     = @@character_set_client */;
/*!40101 SET character_set_client = utf8 */;
CREATE TABLE `notifications` (
  `id` int(11) unsigned NOT NULL AUTO_INCREMENT,
  `user_id` int(11) unsigned NOT NULL,
  `type` varchar(50) NOT NULL,
  `title` varchar(180) NOT NULL,
  `message` text NOT NULL,
  `link` varchar(255) DEFAULT NULL,
  `read_at` datetime DEFAULT NULL,
  `created_at` datetime DEFAULT NULL,
  `updated_at` datetime DEFAULT NULL,
  PRIMARY KEY (`id`),
  KEY `user_id_read_at` (`user_id`,`read_at`),
  CONSTRAINT `notifications_user_id_foreign` FOREIGN KEY (`user_id`) REFERENCES `users` (`id`) ON DELETE CASCADE ON UPDATE CASCADE
) ENGINE=InnoDB AUTO_INCREMENT=8 DEFAULT CHARSET=utf8mb4 COLLATE=utf8mb4_general_ci;
/*!40101 SET character_set_client = @saved_cs_client */;

--
-- Dumping data for table `notifications`
--

LOCK TABLES `notifications` WRITE;
/*!40000 ALTER TABLE `notifications` DISABLE KEYS */;
INSERT INTO `notifications` VALUES (1,3,'review_assigned','Review assigned','A dataset has been assigned to your ethics review queue.','/review/ethics/1','2026-07-14 03:17:18','2026-07-13 08:51:06','2026-07-14 03:17:18'),(2,3,'review_assigned','Review assigned','A dataset has been assigned to your ethics review queue.','/review/ethics/2','2026-07-15 02:55:55','2026-07-15 01:30:40','2026-07-15 02:55:55'),(3,1,'review_result','Ethics review completed','Your dataset \"Startup Survey Responses Extended Title Text\" is now Pending Technical Review. Reviewer comments: lgtm','/datasets/1/edit',NULL,'2026-07-15 01:32:00','2026-07-15 01:32:00'),(4,4,'review_assigned','Review assigned','A dataset has been assigned to your technical review queue.','/review/technical/3',NULL,'2026-07-15 01:33:38','2026-07-15 01:33:38'),(5,3,'review_assigned','Review assigned','A dataset has been assigned to your ethics review queue.','/review/ethics/4','2026-07-15 02:55:55','2026-07-15 01:33:50','2026-07-15 02:55:55'),(6,1,'review_result','Technical review completed','Your dataset \"Startup Survey Responses Extended Title Text\" is now Awaiting Publication. Reviewer comments: lgtm','/datasets/1/edit',NULL,'2026-07-15 01:34:50','2026-07-15 01:34:50'),(7,1,'dataset_published','Dataset published','Your dataset \"Startup Survey Responses Extended Title Text\" is now published.','/datasets/1',NULL,'2026-07-15 01:35:31','2026-07-15 01:35:31');
/*!40000 ALTER TABLE `notifications` ENABLE KEYS */;
UNLOCK TABLES;

--
-- Table structure for table `password_resets`
--

DROP TABLE IF EXISTS `password_resets`;
/*!40101 SET @saved_cs_client     = @@character_set_client */;
/*!40101 SET character_set_client = utf8 */;
CREATE TABLE `password_resets` (
  `id` int(11) unsigned NOT NULL AUTO_INCREMENT,
  `email` varchar(190) NOT NULL,
  `token_hash` varchar(255) NOT NULL,
  `expires_at` datetime NOT NULL,
  `used_at` datetime DEFAULT NULL,
  `created_at` datetime DEFAULT NULL,
  `updated_at` datetime DEFAULT NULL,
  PRIMARY KEY (`id`),
  KEY `email` (`email`),
  KEY `token_hash` (`token_hash`)
) ENGINE=InnoDB DEFAULT CHARSET=utf8mb4 COLLATE=utf8mb4_general_ci;
/*!40101 SET character_set_client = @saved_cs_client */;

--
-- Dumping data for table `password_resets`
--

LOCK TABLES `password_resets` WRITE;
/*!40000 ALTER TABLE `password_resets` DISABLE KEYS */;
/*!40000 ALTER TABLE `password_resets` ENABLE KEYS */;
UNLOCK TABLES;

--
-- Table structure for table `reviews`
--

DROP TABLE IF EXISTS `reviews`;
/*!40101 SET @saved_cs_client     = @@character_set_client */;
/*!40101 SET character_set_client = utf8 */;
CREATE TABLE `reviews` (
  `id` int(11) unsigned NOT NULL AUTO_INCREMENT,
  `dataset_id` int(11) unsigned NOT NULL,
  `dataset_version_id` int(11) unsigned DEFAULT NULL,
  `stage` varchar(20) NOT NULL,
  `review_round` int(11) unsigned NOT NULL DEFAULT 1,
  `reviewer_id` int(11) unsigned NOT NULL,
  `assigned_by` int(11) unsigned NOT NULL,
  `status` varchar(30) NOT NULL DEFAULT 'assigned',
  `checklist` text DEFAULT NULL,
  `comments` text DEFAULT NULL,
  `assigned_at` datetime NOT NULL,
  `decided_at` datetime DEFAULT NULL,
  `created_at` datetime DEFAULT NULL,
  `updated_at` datetime DEFAULT NULL,
  PRIMARY KEY (`id`),
  KEY `reviews_dataset_version_id_foreign` (`dataset_version_id`),
  KEY `reviews_assigned_by_foreign` (`assigned_by`),
  KEY `dataset_id_stage_status` (`dataset_id`,`stage`,`status`),
  KEY `reviewer_id_status` (`reviewer_id`,`status`),
  CONSTRAINT `reviews_assigned_by_foreign` FOREIGN KEY (`assigned_by`) REFERENCES `users` (`id`) ON DELETE CASCADE,
  CONSTRAINT `reviews_dataset_id_foreign` FOREIGN KEY (`dataset_id`) REFERENCES `datasets` (`id`) ON DELETE CASCADE ON UPDATE CASCADE,
  CONSTRAINT `reviews_dataset_version_id_foreign` FOREIGN KEY (`dataset_version_id`) REFERENCES `dataset_versions` (`id`) ON DELETE SET NULL ON UPDATE SET NULL,
  CONSTRAINT `reviews_reviewer_id_foreign` FOREIGN KEY (`reviewer_id`) REFERENCES `users` (`id`) ON DELETE CASCADE
) ENGINE=InnoDB AUTO_INCREMENT=5 DEFAULT CHARSET=utf8mb4 COLLATE=utf8mb4_general_ci;
/*!40101 SET character_set_client = @saved_cs_client */;

--
-- Dumping data for table `reviews`
--

LOCK TABLES `reviews` WRITE;
/*!40000 ALTER TABLE `reviews` DISABLE KEYS */;
INSERT INTO `reviews` VALUES (1,3,3,'ethics',1,3,2,'reassigned',NULL,'Reassigned by repository administrator.','2026-07-13 08:51:06','2026-07-15 01:33:50','2026-07-13 08:51:06','2026-07-15 01:33:50'),(2,1,4,'ethics',1,3,2,'approved','{\"consent_clearance\":true,\"anonymization\":true,\"sensitive_data\":true,\"source_legitimacy\":true,\"access_classification\":true}','lgtm','2026-07-15 01:30:39','2026-07-15 01:32:00','2026-07-15 01:30:39','2026-07-15 01:32:00'),(3,1,4,'technical',1,4,2,'approved','{\"archive_readable\":true,\"metadata_complete\":true,\"documentation_complete\":true,\"formats_match\":true,\"files_suitable\":true}','lgtm','2026-07-15 01:33:38','2026-07-15 01:34:50','2026-07-15 01:33:38','2026-07-15 01:34:50'),(4,3,3,'ethics',1,3,2,'assigned',NULL,NULL,'2026-07-15 01:33:50',NULL,'2026-07-15 01:33:50','2026-07-15 01:33:50');
/*!40000 ALTER TABLE `reviews` ENABLE KEYS */;
UNLOCK TABLES;

--
-- Table structure for table `roles`
--

DROP TABLE IF EXISTS `roles`;
/*!40101 SET @saved_cs_client     = @@character_set_client */;
/*!40101 SET character_set_client = utf8 */;
CREATE TABLE `roles` (
  `id` int(11) unsigned NOT NULL AUTO_INCREMENT,
  `name` varchar(50) NOT NULL,
  `description` varchar(255) DEFAULT NULL,
  `created_at` datetime DEFAULT NULL,
  `updated_at` datetime DEFAULT NULL,
  PRIMARY KEY (`id`),
  UNIQUE KEY `name` (`name`)
) ENGINE=InnoDB AUTO_INCREMENT=5 DEFAULT CHARSET=utf8mb4 COLLATE=utf8mb4_general_ci;
/*!40101 SET character_set_client = @saved_cs_client */;

--
-- Dumping data for table `roles`
--

LOCK TABLES `roles` WRITE;
/*!40000 ALTER TABLE `roles` DISABLE KEYS */;
INSERT INTO `roles` VALUES (1,'user','Authorized dataset user','2026-07-13 08:44:35','2026-07-15 07:32:39'),(2,'repository_administrator','Repository governance and publication','2026-07-13 08:44:35','2026-07-15 07:32:39'),(3,'ethics_reviewer','Ethics and privacy verification','2026-07-13 08:44:35','2026-07-15 07:32:39'),(4,'technical_reviewer','Technical dataset verification','2026-07-13 08:44:35','2026-07-15 07:32:39');
/*!40000 ALTER TABLE `roles` ENABLE KEYS */;
UNLOCK TABLES;

--
-- Table structure for table `user_roles`
--

DROP TABLE IF EXISTS `user_roles`;
/*!40101 SET @saved_cs_client     = @@character_set_client */;
/*!40101 SET character_set_client = utf8 */;
CREATE TABLE `user_roles` (
  `id` int(11) unsigned NOT NULL AUTO_INCREMENT,
  `user_id` int(11) unsigned NOT NULL,
  `role_id` int(11) unsigned NOT NULL,
  PRIMARY KEY (`id`),
  UNIQUE KEY `user_roles_user_role_unique` (`user_id`,`role_id`),
  KEY `user_roles_role_id_foreign` (`role_id`),
  KEY `user_id_role_id` (`user_id`,`role_id`),
  CONSTRAINT `user_roles_role_id_foreign` FOREIGN KEY (`role_id`) REFERENCES `roles` (`id`) ON DELETE CASCADE ON UPDATE CASCADE,
  CONSTRAINT `user_roles_user_id_foreign` FOREIGN KEY (`user_id`) REFERENCES `users` (`id`) ON DELETE CASCADE ON UPDATE CASCADE
) ENGINE=InnoDB AUTO_INCREMENT=5 DEFAULT CHARSET=utf8mb4 COLLATE=utf8mb4_general_ci;
/*!40101 SET character_set_client = @saved_cs_client */;

--
-- Dumping data for table `user_roles`
--

LOCK TABLES `user_roles` WRITE;
/*!40000 ALTER TABLE `user_roles` DISABLE KEYS */;
INSERT INTO `user_roles` VALUES (1,1,1),(2,2,2),(3,3,3),(4,4,4);
/*!40000 ALTER TABLE `user_roles` ENABLE KEYS */;
UNLOCK TABLES;

--
-- Table structure for table `users`
--

DROP TABLE IF EXISTS `users`;
/*!40101 SET @saved_cs_client     = @@character_set_client */;
/*!40101 SET character_set_client = utf8 */;
CREATE TABLE `users` (
  `id` int(11) unsigned NOT NULL AUTO_INCREMENT,
  `name` varchar(150) NOT NULL,
  `email` varchar(190) NOT NULL,
  `password_hash` varchar(255) NOT NULL,
  `status` varchar(30) NOT NULL DEFAULT 'active',
  `last_login_at` datetime DEFAULT NULL,
  `created_at` datetime DEFAULT NULL,
  `updated_at` datetime DEFAULT NULL,
  PRIMARY KEY (`id`),
  UNIQUE KEY `email` (`email`)
) ENGINE=InnoDB AUTO_INCREMENT=5 DEFAULT CHARSET=utf8mb4 COLLATE=utf8mb4_general_ci;
/*!40101 SET character_set_client = @saved_cs_client */;

--
-- Dumping data for table `users`
--

LOCK TABLES `users` WRITE;
/*!40000 ALTER TABLE `users` DISABLE KEYS */;
INSERT INTO `users` VALUES (1,'Demo User','user@example.test','$2y$12$PPENku1nekSZwgwroESAU.E..M6GwQ9GlggztN19lAOvwIHHf65qG','active','2026-07-15 01:32:18','2026-07-13 08:44:35','2026-07-15 07:32:39'),(2,'Repository Administrator','admin@example.test','$2y$12$/EF0CmN0vsb7dRoF8jKeMe2mDB2IwE1OWTYz3b04raK1YAztQI.ii','active','2026-07-15 07:32:37','2026-07-13 08:44:35','2026-07-15 07:32:39'),(3,'Research Ethics Reviewer','ethics@example.test','$2y$12$eSGwOXii4TXa2qye24Ev3On0OPwTqJcZ4Mvbrba1kiWyogU5gIoi6','active','2026-07-15 07:32:54','2026-07-13 08:44:35','2026-07-15 07:32:54'),(4,'Technical Reviewer','technical@example.test','$2y$12$XgyaPOPbIioCk.Z3aXraPeb0LWk1ns8BsHTlpZLBBAuKvvr/CVA4O','active','2026-07-15 07:32:54','2026-07-13 08:44:35','2026-07-15 07:32:54');
/*!40000 ALTER TABLE `users` ENABLE KEYS */;
UNLOCK TABLES;
/*!40103 SET TIME_ZONE=@OLD_TIME_ZONE */;

/*!40101 SET SQL_MODE=@OLD_SQL_MODE */;
/*!40014 SET FOREIGN_KEY_CHECKS=@OLD_FOREIGN_KEY_CHECKS */;
/*!40014 SET UNIQUE_CHECKS=@OLD_UNIQUE_CHECKS */;
/*!40101 SET CHARACTER_SET_CLIENT=@OLD_CHARACTER_SET_CLIENT */;
/*!40101 SET CHARACTER_SET_RESULTS=@OLD_CHARACTER_SET_RESULTS */;
/*!40101 SET COLLATION_CONNECTION=@OLD_COLLATION_CONNECTION */;
/*!40111 SET SQL_NOTES=@OLD_SQL_NOTES */;

-- Dump completed on 2026-07-15 15:52:35
